"Name","CurrentGroup","TargetMuscle","SuggestedGroup","NeedsUpdate"
"Lying Floor Leg Raise Video Exercise Guide","abs","Abs","abs","False"
"Cable Crunch Video Exercise Guide","abs","Abs","abs","False"
"Weighted Crunch Video Exercise Guide","abs","Abs","abs","False"
"Plank Video Exercise Guide","abs","Abs","abs","False"
"Ab Crunch Video Exercise Guide","abs","Abs","abs","False"
"Hanging Leg Raise Video Exercise Guide","abs","Abs","abs","False"
"Sit Up Video Exercise Guide","abs","Abs","abs","False"
"Side Plank Video Exercise Guide","abs","Abs","abs","False"
"Barbell Abdominal Rollouts Video Exercise Guide","abs","Abs","abs","False"
"Rotating Mountain Climber Video Exercise Guide","abs","Abs","abs","False"
"Decline Bench Sit Up Video Exercise Guide","abs","Abs","abs","False"
"Hanging Knee Raise Video Exercise Guide","abs","Abs","abs","False"
"Floor Crunch (legs on bench) Video Exercise Guide","abs","Abs","abs","False"
"Exercise Ball Crunch Video Exercise Guide","abs","Abs","abs","False"
"Russian Twist Video Exercise Guide","abs","Abs","abs","False"
"Abdominal Air Bike (AKA Bicycle) Video Exercise Guide","abs","Abs","abs","False"
"Lying Leg Raise (On Bench) Video Exercise Guide","abs","Abs","abs","False"
"Pallof Press Video Exercise Guide","abs","Abs","abs","False"
"Standing Stomach Vacuum Video Exercise Guide","abs","Abs","abs","False"
"Hanging Knee Raise With Twist Video Exercise Guide","abs","Abs","abs","False"
"Turkish Get Up Video Exercise Guide","abs","Abs","abs","False"
"Seated Knee Tucks Video Exercise Guide","abs","Abs","abs","False"
"Alternate Straight Leg Lower Video Exercise Guide","abs","Abs","abs","False"
"Plank to Hip Raise Video Exercise Guide","abs","Abs","abs","False"
"Dead Bug Video Exercise Guide","abs","Abs","abs","False"
"Straight Leg Toe Touch (Floor Toe Reach) Video Exercise Guide","abs","Abs","abs","False"
"Lying Floor Knee Tuck Video Exercise Guide","abs","Abs","abs","False"
"Pallof Press with Rotation Video Exercise Guide","abs","Abs","abs","False"
"Roman Chair Leg Raise Video Exercise Guide","abs","Abs","abs","False"
"Twisting Crunch Video Exercise Guide","abs","Abs","abs","False"
"Abominal Hip Thrust Video Exercise Guide","abs","Abs","abs","False"
"Alternating Lying Leg Raise Video Exercise Guide","abs","Abs","abs","False"
"Weighted Russian Twist Video Exercise Guide","abs","Abs","abs","False"
"Frog Sit Up Video Exercise Guide","abs","Abs","abs","False"
"Half Kneeling Pallof Press Video Exercise Guide","abs","Abs","abs","False"
"Hollow Body Hold Video Exercise Guide","abs","Abs","abs","False"
"Kettlebell Dead Bug Video Exercise Guide","abs","Abs","abs","False"
"Lying Knee Tuck to Heel Raise Video Exercise Guide","abs","Abs","abs","False"
"Ipsilateral Bird Dog Video Exercise Guide","abs","Abs","abs","False"
"Rotating Crunch (Legs On Bench) Video Exercise Guide","abs","Abs","abs","False"
"Standing Cable Crunch Video Exercise Guide","abs","Abs","abs","False"
"Reverse Crunch to Dead Bug Video Exercise Guide","abs","Abs","abs","False"
"Feet Elevated Plank Video Exercise Guide","abs","Abs","abs","False"
"Bird Dog with Band RNT Video Exercise Guide","abs","Abs","abs","False"
"Lying Leg Raise With Hip Thrust Video Exercise Guide","abs","Abs","abs","False"
"Medicine Ball Dead Bug Video Exercise Guide","abs","Abs","abs","False"
"Hands Overhead Ab Crunch Video Exercise Guide","abs","Abs","abs","False"
"Abdominal Pendulum Video Exercise Guide","abs","Abs","abs","False"
"Decline Bench Leg Raise Video Exercise Guide","abs","Abs","abs","False"
"Contralateral Bird Dog Video Exercise Guide","abs","Abs","abs","False"
"Side Crunch With Leg Lift Video Exercise Guide","abs","Abs","abs","False"
"Dragon Flag Video Exercise Guide","abs","Abs","abs","False"
"Split Stance Pallof Press Video Exercise Guide","abs","Abs","abs","False"
"3 Month Position Kettlebell Pullover Video Exercise Guide","abs","Abs","abs","False"
"Kettlebell Windmill Video Exercise Guide","abs","Abs","abs","False"
"Lying Alternate Heel Touches Video Exercise Guide","abs","Abs","abs","False"
"Decline Weighted Sit Up with Twist Video Exercise Guide","abs","Abs","abs","False"
"Shoulder Taps Video Exercise Guide","abs","Abs","abs","False"
"Oblique Cable Crunch Video Exercise Guide","abs","Abs","abs","False"
"Decline Weighted Twist Video Exercise Guide","abs","Abs","abs","False"
"Jackknife (On Bench) Video Exercise Guide","abs","Abs","abs","False"
"Barbell Side Bends Video Exercise Guide","abs","Abs","abs","False"
"Valslide Body Saw Video Exercise Guide","abs","Abs","abs","False"
"Decline Bench Abdominal Reach Video Exercise Guide","abs","Abs","abs","False"
"Weighted Straight Leg Toe Touch Video Exercise Guide","abs","Abs","abs","False"
"Stir the Pot on Exercise Ball Video Exercise Guide","abs","Abs","abs","False"
"Exercise Ball Knee Tuck Video Exercise Guide","abs","Abs","abs","False"
"Dead Bug with Plates Video Exercise Guide","abs","Abs","abs","False"
"Exercise Ball Plank Video Exercise Guide","abs","Abs","abs","False"
"Standing Push-Pull Video Exercise Guide","abs","Abs","abs","False"
"Lower Body Band Resistance Dead Bug Video Exercise Guide","abs","Abs","abs","False"
"Roman Chair Knee Raise Video Exercise Guide","abs","Abs","abs","False"
"Decline Bench Cable Crunch Video Exercise Guide","abs","Abs","abs","False"
"Decline Bench Knee Raise Video Exercise Guide","abs","Abs","abs","False"
"Turkish Get Up to Knee Video Exercise Guide","abs","Abs","abs","False"
"Reach And Catch Video Exercise Guide","abs","Abs","abs","False"
"Alternating Reach And Catch Video Exercise Guide","abs","Abs","abs","False"
"Decline Bench Alternating Leg Raise Video Exercise Guide","abs","Abs","abs","False"
"Medicine Ball Rollouts Video Exercise Guide","abs","Abs","abs","False"
"Seated Cable Crunch Video Exercise Guide","abs","Abs","abs","False"
"Exercise Ball Weighted Sit up Video Exercise Guide","abs","Abs","abs","False"
"Exercise Ball Dead Bug Video Exercise Guide","abs","Abs","abs","False"
"Decline Bench Alternating Knee Raise Video Exercise Guide","abs","Abs","abs","False"
"Glute Bridge Pallof Press Video Exercise Guide","abs","Abs","abs","False"
"Lying Cable Crunch Video Exercise Guide","abs","Abs","abs","False"
"Bottoms Up Kettlebell Turkish Get Up Video Exercise Guide","abs","Abs","abs","False"
"Weighted Hanging Knee Raise Video Exercise Guide","abs","Abs","abs","False"
"Kneeling Dumbbell Hold to Stand Video Exercise Guide","abs","Abs","abs","False"
"Roman Chair Weighted Knee Raise Video Exercise Guide","abs","Abs","abs","False"
"One-Leg Lying Cable Knee Raise Video Exercise Guide","abs","Abs","abs","False"
"Standing Barbell Twist Video Exercise Guide","abs","Abs","abs","False"
"Exercise Ball Hip Roll Video Exercise Guide","abs","Abs","abs","False"
"Lower Abdominal Hip Roll Video Exercise Guide","abs","Abs","abs","False"
"Banded Alphabet Video Exercise Guide","abs","Abs","abs","False"
"Half Kneeling Push-Pull Video Exercise Guide","abs","Abs","abs","False"
"Twisting Lying Cable Crunch Video Exercise Guide","abs","Abs","abs","False"
"Tall Kneeling Push-Pull Video Exercise Guide","abs","Abs","abs","False"
"Twisting Cable Crunch Video Exercise Guide","abs","Abs","abs","False"
"Wide Stance Cable Anti-Rotation Video Exercise Guide","abs","Abs","abs","False"
"Decline Leg Raise With Hip Thrust Video Exercise Guide","abs","Abs","abs","False"
"Upper Body Band Resistance Dead Bug Video Exercise Guide","abs","Abs","abs","False"
"Roman Chair Twisting Knee Raise Video Exercise Guide","abs","Abs","abs","False"
"Lying Cable Knee Raise Video Exercise Guide","abs","Abs","abs","False"
"Bottoms Up Kettlebell Turkish Get Up to Hand Video Exercise Guide","abs","Abs","abs","False"
"Lying Alternating Knee Raise Video Exercise Guide","abs","Abs","abs","False"
"Straight Leg Dead Bug Video Exercise Guide","abs","Abs","abs","False"
"Half Kneeling Adductor Pallof Press Video Exercise Guide","abs","Abs","abs","False"
"Decline Bench Cable Knee Raise Video Exercise Guide","abs","Abs","abs","False"
"Bottoms Up Kettlebell Turkish Get Up to Knee Video Exercise Guide","abs","Abs","abs","False"
"Turkish Get Up to Hand Video Exercise Guide","abs","Abs","abs","False"
"Barbell Climbs Video Exercise Guide","abs","Abs","abs","False"
"Decline Bench Sit Up With Twist Video Exercise Guide","abs","Abs","abs","False"
"Wall Press 90/90 Extension Video Exercise Guide","abs","Abs","abs","False"
"Lying Pallof Press Video Exercise Guide","abs","Abs","abs","False"
"Wall Press Heel Tap Video Exercise Guide","abs","Abs","abs","False"
"Wall Press Straight Leg Extension Video Exercise Guide","abs","Abs","abs","False"
"Bent Over Row Video Exercise Guide","barbell","Upper Back","middle-back","True"
"Military Press (AKA Overhead Press) Video Exercise Guide","barbell","Shoulders","shoulders","True"
"Barbell Back Squat Video Exercise Guide","barbell","Quads","quads","True"
"Deadlift Video Exercise Guide","barbell","Hamstrings","hamstrings","True"
"Barbell Bench Press Video Exercise Guide","barbell","Chest","chest","True"
"Romanian Deadlift (AKA RDL) Video Exercise Guide","barbell","Hamstrings","hamstrings","True"
"French Press Video Exercise Guide","barbell","Triceps","triceps","True"
"Incline Bench Press Video Exercise Guide","barbell","Chest","chest","True"
"Stiff Leg Deadlift Video Exercise Guide","barbell","Hamstrings","hamstrings","True"
"Barbell Hip Thrust Video Exercise Guide","barbell","Glutes","glutes","True"
"Barbell Upright Row Video Exercise Guide","barbell","Traps","traps","True"
"Standing Barbell Curl Video Exercise Guide","barbell","Biceps","biceps","True"
"EZ Bar Preacher Curl Video Exercise Guide","barbell","Biceps","biceps","True"
"Lying Barbell Tricep Extension (Skull Crusher) Video Exercise Guide","barbell","Triceps","triceps","True"
"Seated Barbell Shoulder Press Video Exercise Guide","barbell","Shoulders","shoulders","True"
"T-Bar Row Video Exercise Guide","barbell","Upper Back","middle-back","True"
"Close Grip Bench Press Video Exercise Guide","barbell","Triceps","triceps","True"
"Seated Behind the Neck Shoulder Press Video Exercise Guide","barbell","Shoulders","shoulders","True"
"Seated Barbell Wrist Curl Video Exercise Guide","barbell","Forearms","forearms","True"
"Good Mornings Video Exercise Guide","barbell","Glutes","glutes","True"
"Decline Bench Press Video Exercise Guide","barbell","Chest","chest","True"
"EZ Bar Curl Video Exercise Guide","barbell","Biceps","biceps","True"
"Barbell Preacher Curl Video Exercise Guide","barbell","Biceps","biceps","True"
"45 Degree Lying Tricep Extension Video Exercise Guide","barbell","Triceps","triceps","True"
"Sumo Deadlift Video Exercise Guide","barbell","Hamstrings","hamstrings","True"
"Front Squat Video Exercise Guide","barbell","Quads","quads","True"
"Barbell Shrug Video Exercise Guide","barbell","Traps","traps","True"
"Reverse Grip Barbell Curl Video Exercise Guide","barbell","Forearms","forearms","True"
"Barbell Front Raise Video Exercise Guide","barbell","Shoulders","shoulders","True"
"Behind-The-Back Barbell Wrist Curl Video Exercise Guide","barbell","Forearms","forearms","True"
"Standing Barbell Calf Raise Video Exercise Guide","barbell","Calves","calves","True"
"Seated French Press Video Exercise Guide","barbell","Triceps","triceps","True"
"Spider Curl Video Exercise Guide","barbell","Biceps","biceps","True"
"Barbell Reverse Lunge Video Exercise Guide","barbell","Quads","quads","True"
"Reverse Grip Bent Over Row Video Exercise Guide","barbell","Upper Back","middle-back","True"
"Barbell Glute Bridge Video Exercise Guide","barbell","Glutes","glutes","True"
"Barbell Lunge Video Exercise Guide","barbell","Quads","quads","True"
"Incline Skull Crusher Video Exercise Guide","barbell","Triceps","triceps","True"
"Pendlay Row Video Exercise Guide","barbell","Upper Back","middle-back","True"
"Reverse Grip Barbell Wrist Curl (Over Bench) Video Exercise Guide","barbell","Forearms","forearms","True"
"Wide Grip Upright Row Video Exercise Guide","barbell","Traps","traps","True"
"Seated Barbell Twist Video Exercise Guide","barbell","Obliques","obliques","True"
"Z Press Video Exercise Guide","barbell","Shoulders","shoulders","True"
"One-Arm Landmine Row Video Exercise Guide","barbell","Upper Back","middle-back","True"
"Barbell Sumo Squat Video Exercise Guide","barbell","Quads","quads","True"
"Barbell Drag Curl Video Exercise Guide","barbell","Biceps","biceps","True"
"Push Press Video Exercise Guide","barbell","Shoulders","shoulders","True"
"Barbell Walking Lunge Video Exercise Guide","barbell","Quads","quads","True"
"Good Mornings Off Pins Video Exercise Guide","barbell","Glutes","glutes","True"
"Barbell Hack Squat Video Exercise Guide","barbell","Quads","quads","True"
"Barbell Pullover Video Exercise Guide","barbell","Chest","chest","True"
"Barbell Clean and Press Video Exercise Guide","barbell","Shoulders","shoulders","True"
"Wide Grip Standing Barbell Curl Video Exercise Guide","barbell","Biceps","biceps","True"
"Wide Grip Barbell Bench Press Video Exercise Guide","barbell","Chest","chest","True"
"Close Grip Standing Barbell Curl Video Exercise Guide","barbell","Biceps","biceps","True"
"Zerchers Squat Video Exercise Guide","barbell","Quads","quads","True"
"Inline Bench French Press Video Exercise Guide","barbell","Triceps","triceps","True"
"Deep Front Squat Video Exercise Guide","barbell","Quads","quads","True"
"High Pull Video Exercise Guide","barbell","Traps","traps","True"
"Barbell Deep Squat Video Exercise Guide","barbell","Quads","quads","True"
"Barbell Jumping Squats Video Exercise Guide","barbell","Quads","quads","True"
"Floor Press Video Exercise Guide","barbell","Chest","chest","True"
"Incline Close Grip Bench Press Video Exercise Guide","barbell","Triceps","triceps","True"
"2 Board Bench Press Video Exercise Guide","barbell","Chest","chest","True"
"Barbell Box Squat Video Exercise Guide","barbell","Quads","quads","True"
"Overhead Barbell Shrug Video Exercise Guide","barbell","Traps","traps","True"
"Military Press Behind Neck Video Exercise Guide","barbell","Shoulders","shoulders","True"
"Incline Bench Barbell Row Video Exercise Guide","barbell","Upper Back","middle-back","True"
"Seated Good Mornings Video Exercise Guide","barbell","Glutes","glutes","True"
"Power Snatch Video Exercise Guide","barbell","Quads","quads","True"
"Seated Barbell Curl Video Exercise Guide","barbell","Biceps","biceps","True"
"Hang Clean Video Exercise Guide","barbell","Quads","quads","True"
"Narrow Stance High Bar Back Squat Video Exercise Guide","barbell","Quads","quads","True"
"Barbell Wide Stance Squat Video Exercise Guide","barbell","Quads","quads","True"
"Wide Reverse Grip Bench Press Video Exercise Guide","barbell","Chest","chest","True"
"Barbell Narrow Stance Squat Video Exercise Guide","barbell","Quads","quads","True"
"Seated Barbell Calf Raise Video Exercise Guide","barbell","Calves","calves","True"
"Standing Bradford Press (Rocky Press) Video Exercise Guide","barbell","Shoulders","shoulders","True"
"Clean Shrug Video Exercise Guide","barbell","Traps","traps","True"
"Barbell Pullover And Press Video Exercise Guide","barbell","Chest","chest","True"
"Guillotine Press Video Exercise Guide","barbell","Chest","chest","True"
"Barbell Sumo Romanian Deadlift Video Exercise Guide","barbell","Hamstrings","hamstrings","True"
"Reverse Grip Incline Bench Barbell Row Video Exercise Guide","barbell","Upper Back","middle-back","True"
"Wide Grip Incline Bench Press Video Exercise Guide","barbell","Chest","chest","True"
"Barbell Lateral Lunge Video Exercise Guide","barbell","Quads","quads","True"
"Barbell Thruster Video Exercise Guide","barbell","Quads","quads","True"
"Barbell Step Ups Video Exercise Guide","barbell","Quads","quads","True"
"1 Board Bench Press Video Exercise Guide","barbell","Chest","chest","True"
"Anderson Squat Video Exercise Guide","barbell","Quads","quads","True"
"Decline Close Grip Bench Press Video Exercise Guide","barbell","Triceps","triceps","True"
"Conventional Block Pull Deadlift Video Exercise Guide","barbell","Hamstrings","hamstrings","True"
"Front Barbell Step Up Video Exercise Guide","barbell","Quads","quads","True"
"Barbell Wrist Curl (Over Bench) Video Exercise Guide","barbell","Forearms","forearms","True"
"Barbell Quarter Squat Video Exercise Guide","barbell","Quads","quads","True"
"Reverse Grip Bench Press Video Exercise Guide","barbell","Chest","chest","True"
"Single Leg Good Morning Video Exercise Guide","barbell","Glutes","glutes","True"
"Barbell Concentration Curl Video Exercise Guide","barbell","Biceps","biceps","True"
"Single Leg Barbell Romanian Deadlift Video Exercise Guide","barbell","Hamstrings","hamstrings","True"
"Wide Stance Front Squat Video Exercise Guide","barbell","Quads","quads","True"
"Muscle Clean Video Exercise Guide","barbell","Quads","quads","True"
"Reverse Grip Incline Bench Press Video Exercise Guide","barbell","Chest","chest","True"
"Jefferson Deadlift Video Exercise Guide","barbell","Hamstrings","hamstrings","True"
"Stiff Leg Deadlift (On Bench) Video Exercise Guide","barbell","Hamstrings","hamstrings","True"
"Behind-The-Back Barbell Shrug Video Exercise Guide","barbell","Traps","traps","True"
"Reverse Grip Close Grip Bench Press Video Exercise Guide","barbell","Triceps","triceps","True"
"Power Clean Video Exercise Guide","barbell","Quads","quads","True"
"Sumo High Pull Video Exercise Guide","barbell","Traps","traps","True"
"Deficit Deadlift Video Exercise Guide","barbell","Hamstrings","hamstrings","True"
"Snatch Grip Deadlift Video Exercise Guide","barbell","Hamstrings","hamstrings","True"
"Snatch Grip Deficit Deadlift Video Exercise Guide","barbell","Hamstrings","hamstrings","True"
"Power Jerk Video Exercise Guide","barbell","Quads","quads","True"
"Paused Sumo Deadlift Video Exercise Guide","barbell","Hamstrings","hamstrings","True"
"Hammer Bar Curl Video Exercise Guide","barbell","Biceps","biceps","True"
"Standing Barbell Calf Raise (On Floor) Video Exercise Guide","barbell","Calves","calves","True"
"Snatch Grip Barbell Shrug Video Exercise Guide","barbell","Traps","traps","True"
"Barbell Half Squat Video Exercise Guide","barbell","Quads","quads","True"
"Clean & Jerk Video Exercise Guide","barbell","Quads","quads","True"
"Snatch Grip High Pull Video Exercise Guide","barbell","Traps","traps","True"
"Snatch Grip Romanian Deadlift Video Exercise Guide","barbell","Hamstrings","hamstrings","True"
"Deadstop Rack Row Video Exercise Guide","barbell","Upper Back","middle-back","True"
"Overhead Squat Video Exercise Guide","barbell","Quads","quads","True"
"Reverse Grip Preacher Curl Video Exercise Guide","barbell","Forearms","forearms","True"
"High Bar Back Squat Video Exercise Guide","barbell","Quads","quads","True"
"Snatch Shrug Video Exercise Guide","barbell","Traps","traps","True"
"Barbell Lateral Split Squat Video Exercise Guide","barbell","Quads","quads","True"
"Jerk Balance Video Exercise Guide","barbell","Quads","quads","True"
"Paused Barbell Bench Press Video Exercise Guide","barbell","Chest","chest","True"
"Barbell Rear Delt Row To Neck Video Exercise Guide","barbell","Shoulders","shoulders","True"
"Muscle Snatch Video Exercise Guide","barbell","Quads","quads","True"
"Hammer Bar Preacher Curl Video Exercise Guide","barbell","Biceps","biceps","True"
"Close Grip Chest Press Video Exercise Guide","barbell","Triceps","triceps","True"
"Sumo Deficit Deadlift Video Exercise Guide","barbell","Hamstrings","hamstrings","True"
"Barbell Split Squat With Jump Video Exercise Guide","barbell","Hamstrings","hamstrings","True"
"Zercher Carry Video Exercise Guide","barbell","Forearms","forearms","True"
"Close Grip Press Behind-The-Neck Video Exercise Guide","barbell","Triceps","triceps","True"
"Power Clean from Blocks Video Exercise Guide","barbell","Quads","quads","True"
"Band Suspended Kettlebell Bench Press Video Exercise Guide","barbell","Chest","chest","True"
"Reeves Deadlift Video Exercise Guide","barbell","Hamstrings","hamstrings","True"
"Rocking Standing Calf Raise Video Exercise Guide","barbell","Calves","calves","True"
"Reverse Grip Skull Crusher Video Exercise Guide","barbell","Triceps","triceps","True"
"3 Board Bench Press Video Exercise Guide","barbell","Chest","chest","True"
"Barbell Speed Squats Video Exercise Guide","barbell","Quads","quads","True"
"Behind The Neck Push Press Video Exercise Guide","barbell","Shoulders","shoulders","True"
"Decline Bench Barbell Lunge Video Exercise Guide","barbell","Quads","quads","True"
"Conventional Deadlift Against Chains Video Exercise Guide","barbell","Hamstrings","hamstrings","True"
"Seated Barbell Twist (On Floor) Video Exercise Guide","barbell","Obliques","obliques","True"
"Reverse Band Back Squats Video Exercise Guide","barbell","Quads","quads","True"
"Lying Barbell Reverse Extension Video Exercise Guide","barbell","Triceps","triceps","True"
"Clean Video Exercise Guide","barbell","Quads","quads","True"
"Rack Pin Front Squat Video Exercise Guide","barbell","Quads","quads","True"
"Snatch Balance Video Exercise Guide","barbell","Quads","quads","True"
"Seated Barbell Front Raise Video Exercise Guide","barbell","Shoulders","shoulders","True"
"Reverse Band Box Squat Video Exercise Guide","barbell","Quads","quads","True"
"Single Leg Snatch Grip Romanian Deadlift Video Exercise Guide","barbell","Hamstrings","hamstrings","True"
"Barbell Front Box Squat Video Exercise Guide","barbell","Quads","quads","True"
"Narrow Stance Front Squat Video Exercise Guide","barbell","Quads","quads","True"
"Lying Rear Delt Barbell Raise Video Exercise Guide","barbell","Shoulders","shoulders","True"
"Reverse Band Deadlift Video Exercise Guide","barbell","Hamstrings","hamstrings","True"
"Seated Bradford Press (AKA Seated Rocky Press) Video Exercise Guide","barbell","Shoulders","shoulders","True"
"Reverse Grip Barbell Wrist Curl Video Exercise Guide","barbell","Forearms","forearms","True"
"Reverse Grip French Press Video Exercise Guide","barbell","Triceps","triceps","True"
"Snatch Video Exercise Guide","barbell","Quads","quads","True"
"Low Bar Back Squat Video Exercise Guide","barbell","Quads","quads","True"
"American Deadlift Video Exercise Guide","barbell","Hamstrings","hamstrings","True"
"Seated Barbell Overhead Front Raise Video Exercise Guide","barbell","Shoulders","shoulders","True"
"Reverse Band Sumo Deadlift Video Exercise Guide","barbell","Hamstrings","hamstrings","True"
"Split Clean Video Exercise Guide","barbell","Quads","quads","True"
"Lying Incline Bench Barbell Curl Video Exercise Guide","barbell","Biceps","biceps","True"
"Snatch Grip Block Pull Deadlift Video Exercise Guide","barbell","Hamstrings","hamstrings","True"
"Barbell Overhead Front Raise Video Exercise Guide","barbell","Shoulders","shoulders","True"
"Banded Sumo Deadlift Video Exercise Guide","barbell","Hamstrings","hamstrings","True"
"Reverse Grip Seated French Press Video Exercise Guide","barbell","Triceps","triceps","True"
"Split Jerk Video Exercise Guide","barbell","Quads","quads","True"
"Barbell Suitcase Carry Video Exercise Guide","barbell","Forearms","forearms","True"
"Sumo Block Pull Deadlift Video Exercise Guide","barbell","Hamstrings","hamstrings","True"
"Barbell Bulgarian Split Squat Video Exercise Guide","barbell","Quads","quads","True"
"Straight Leg Deadlift Video Exercise Guide","barbell","Hamstrings","hamstrings","True"
"Split Snatch Video Exercise Guide","barbell","Quads","quads","True"
"Close Grip Pin Press Video Exercise Guide","barbell","Triceps","triceps","True"
"Overhead Barbell Carry Video Exercise Guide","barbell","Forearms","forearms","True"
"Banded Conventional Deadlift Video Exercise Guide","barbell","Hamstrings","hamstrings","True"
"Standing Dumbbell Curl Video Exercise Guide","biceps","Biceps","biceps","False"
"Incline Dumbbell Curl Video Exercise Guide","biceps","Biceps","biceps","False"
"Standing Hammer Curl Video Exercise Guide","biceps","Biceps","biceps","False"
"Cable Curl Video Exercise Guide","biceps","Biceps","biceps","False"
"Concentration Curl Video Exercise Guide","biceps","Biceps","biceps","False"
"Zottman Curl Video Exercise Guide","biceps","Biceps","biceps","False"
"Cross Body Hammer Curl (Pinwheel Curls) Video Exercise Guide","biceps","Biceps","biceps","False"
"Alternating Seated Dumbbell Curl Video Exercise Guide","biceps","Biceps","biceps","False"
"Alternating Standing Dumbbell Curl Video Exercise Guide","biceps","Biceps","biceps","False"
"Cable Curl (Rope Extension) Video Exercise Guide","biceps","Biceps","biceps","False"
"Machine Bicep Curl Video Exercise Guide","biceps","Biceps","biceps","False"
"Dumbbell Hammer Preacher Curl Video Exercise Guide","biceps","Biceps","biceps","False"
"One-Arm Seated Dumbbell Curl Video Exercise Guide","biceps","Biceps","biceps","False"
"Standing Dumbbell Reverse Curl Video Exercise Guide","biceps","Biceps","biceps","False"
"Standing High Pulley Cable Curl Video Exercise Guide","biceps","Biceps","biceps","False"
"One-Arm Standing Hammer Curl Video Exercise Guide","biceps","Biceps","biceps","False"
"Seated Dumbbell Curl Video Exercise Guide","biceps","Biceps","biceps","False"
"Alternating Standing Hammer Curl Video Exercise Guide","biceps","Biceps","biceps","False"
"Dumbbell Preacher Curl Video Exercise Guide","biceps","Biceps","biceps","False"
"Seated Hammer Curl Video Exercise Guide","biceps","Biceps","biceps","False"
"Cable Drag Curl Video Exercise Guide","biceps","Biceps","biceps","False"
"One-Arm Cable Curl Video Exercise Guide","biceps","Biceps","biceps","False"
"Close Grip EZ Bar Curl Video Exercise Guide","biceps","Biceps","biceps","False"
"Seated Zottman Curl Video Exercise Guide","biceps","Biceps","biceps","False"
"Cable Preacher Curl Video Exercise Guide","biceps","Biceps","biceps","False"
"Standing Dumbbell Drag Curl Video Exercise Guide","biceps","Biceps","biceps","False"
"Prone Incline Dumbbell Curl Video Exercise Guide","biceps","Biceps","biceps","False"
"Lateral Pulldown Bicep Curl Video Exercise Guide","biceps","Biceps","biceps","False"
"Lying Cable Curl (On Floor) Video Exercise Guide","biceps","Biceps","biceps","False"
"Smith Machine Bicep Curl Video Exercise Guide","biceps","Biceps","biceps","False"
"Cable Concentration Curl Video Exercise Guide","biceps","Biceps","biceps","False"
"Close Grip Cable Curl Video Exercise Guide","biceps","Biceps","biceps","False"
"Seated Cable Curl Video Exercise Guide","biceps","Biceps","biceps","False"
"Alternating Standing Dumbbell Twisting Curls Video Exercise Guide","biceps","Biceps","biceps","False"
"Alternating Dumbbell Hammer Preacher Curl Video Exercise Guide","biceps","Biceps","biceps","False"
"Incline Bench Dumbbell Curl Video Exercise Guide","biceps","Biceps","biceps","False"
"Lying High Pulley Cable Curl Video Exercise Guide","biceps","Biceps","biceps","False"
"Incline Bench Hammer Curl Video Exercise Guide","biceps","Biceps","biceps","False"
"Wide Grip Cable Curl Video Exercise Guide","biceps","Biceps","biceps","False"
"Incline Hammer Curl Video Exercise Guide","biceps","Biceps","biceps","False"
"One-Arm Standing Dumbbell Curl Video Exercise Guide","biceps","Biceps","biceps","False"
"Seated Dumbbell Reverse Curl Video Exercise Guide","biceps","Biceps","biceps","False"
"Alternating Incline Dumbbell Curl Video Exercise Guide","biceps","Biceps","biceps","False"
"One-Arm Dumbbell Preacher Curl Video Exercise Guide","biceps","Biceps","biceps","False"
"Bicep Curl Sled Drag Video Exercise Guide","biceps","Biceps","biceps","False"
"Prone Incline Hammer Curl Video Exercise Guide","biceps","Biceps","biceps","False"
"Wide Grip EZ Bar Curl Video Exercise Guide","biceps","Biceps","biceps","False"
"Alternating Seated Hammer Curl Video Exercise Guide","biceps","Biceps","biceps","False"
"Lying Dumbbell Curl Video Exercise Guide","biceps","Biceps","biceps","False"
"Squatting Cable Curl Video Exercise Guide","biceps","Biceps","biceps","False"
"Two-Arm Low Pulley Cable Curl Video Exercise Guide","biceps","Biceps","biceps","False"
"Alternating Dumbbell Preacher Curl Video Exercise Guide","biceps","Biceps","biceps","False"
"One-Arm Prone Incline Dumbbell Curl Video Exercise Guide","biceps","Biceps","biceps","False"
"One-Arm Dumbbell Hammer Preacher Curl Video Exercise Guide","biceps","Biceps","biceps","False"
"Incline Cable Bicep Curl Video Exercise Guide","biceps","Biceps","biceps","False"
"One-Arm Prone Hammer Curl Video Exercise Guide","biceps","Biceps","biceps","False"
"Exercise Ball Preacher Curl Video Exercise Guide","biceps","Biceps","biceps","False"
"Lying Wide Dumbbell Curl Video Exercise Guide","biceps","Biceps","biceps","False"
"One-Arm Seated Hammer Curl Video Exercise Guide","biceps","Biceps","biceps","False"
"Cable Preacher Curl (Rope Extension) Video Exercise Guide","biceps","Biceps","biceps","False"
"Lying High Pulley Close Grip Cable Curl Video Exercise Guide","biceps","Biceps","biceps","False"
"Exercise Ball Dumbbell Curl Video Exercise Guide","biceps","Biceps","biceps","False"
"Alternating Incline Hammer Curl Video Exercise Guide","biceps","Biceps","biceps","False"
"Zottman Preacher Curl Video Exercise Guide","biceps","Biceps","biceps","False"
"Tricep Dip Video Exercise Guide","bodyweight","Triceps","triceps","True"
"Hyperextension Video Exercise Guide","bodyweight","Glutes","glutes","True"
"Wide Grip Pull Up Video Exercise Guide","bodyweight","Lats","lats","True"
"Chin Up Video Exercise Guide","bodyweight","Lats","lats","True"
"Chest Dip Video Exercise Guide","bodyweight","Chest","chest","True"
"Side Crunch (AKA Oblique Crunch) Video Exercise Guide","bodyweight","Obliques","obliques","True"
"Feet Elevated Inverted Row Video Exercise Guide","bodyweight","Upper Back","middle-back","True"
"Bench Dip Video Exercise Guide","bodyweight","Triceps","triceps","True"
"Bodyweight Standing Calf Raise Video Exercise Guide","bodyweight","Calves","calves","True"
"Pull Up Video Exercise Guide","bodyweight","Lats","lats","True"
"Glute Kick Back Video Exercise Guide","bodyweight","Glutes","glutes","True"
"Push Up Video Exercise Guide","bodyweight","Chest","chest","True"
"Close Grip Push Up Video Exercise Guide","bodyweight","Triceps","triceps","True"
"Bodyweight Walking Lunge Video Exercise Guide","bodyweight","Quads","quads","True"
"Prisoner Squat Video Exercise Guide","bodyweight","Quads","quads","True"
"Superman Video Exercise Guide","bodyweight","Lower Back","lower-back","True"
"Bodyweight Glute Bridge Video Exercise Guide","bodyweight","Glutes","glutes","True"
"Bodyweight Squat Jump Video Exercise Guide","bodyweight","Quads","quads","True"
"World's Greatest Stretch Video Exercise Guide","bodyweight","Upper Back","middle-back","True"
"Bodyweight Single Leg Deadlift Video Exercise Guide","bodyweight","Hamstrings","hamstrings","True"
"Bodyweight Lunge Video Exercise Guide","bodyweight","Quads","quads","True"
"Plyometric Push Up Video Exercise Guide","bodyweight","Chest","chest","True"
"Bodyweight Lateral Lunge Video Exercise Guide","bodyweight","Quads","quads","True"
"Eccentric Only Dip Video Exercise Guide","bodyweight","Triceps","triceps","True"
"One-Leg Standing Bodyweight Calf Raise Video Exercise Guide","bodyweight","Calves","calves","True"
"Single Leg Glute Bridge Video Exercise Guide","bodyweight","Glutes","glutes","True"
"Inverted Row Video Exercise Guide","bodyweight","Upper Back","middle-back","True"
"Rack Lat Stretch Video Exercise Guide","bodyweight","Lats","lats","True"
"Scapular Wall Slide Video Exercise Guide","bodyweight","Shoulders","shoulders","True"
"Prisoner Squat Jump Video Exercise Guide","bodyweight","Quads","quads","True"
"Bodyweight Reverse Lunge Video Exercise Guide","bodyweight","Quads","quads","True"
"90/90 Hip Crossover Video Exercise Guide","bodyweight","Lower Back","lower-back","True"
"Quadruped Extension Rotation Video Exercise Guide","bodyweight","Upper Back","middle-back","True"
"Bodyweight Step Up Video Exercise Guide","bodyweight","Quads","quads","True"
"Side Lying Clam Video Exercise Guide","bodyweight","Glutes","glutes","True"
"Eccentric Only Pull Up Video Exercise Guide","bodyweight","Lats","lats","True"
"V-Bar Pull Up Video Exercise Guide","bodyweight","Lats","lats","True"
"Close Grip Pull Up Video Exercise Guide","bodyweight","Lats","lats","True"
"Curtsy Lunge (AKA Drop Lunge) Video Exercise Guide","bodyweight","Glutes","glutes","True"
"Fire Hydrant Circles Video Exercise Guide","bodyweight","Hip Flexors","hip-flexors","True"
"Glute Ham Raise (GHR) Video Exercise Guide","bodyweight","Hamstrings","hamstrings","True"
"Squat to Stand Video Exercise Guide","bodyweight","Quads","quads","True"
"Shoulder Tap Push Up Video Exercise Guide","bodyweight","Chest","chest","True"
"Sissy Squat Video Exercise Guide","bodyweight","Quads","quads","True"
"Reverse Hyperextension Video Exercise Guide","bodyweight","Glutes","glutes","True"
"Fingertip Push Ups Video Exercise Guide","bodyweight","Chest","chest","True"
"90/90 Piriformis Stretch Video Exercise Guide","bodyweight","Glutes","glutes","True"
"Single Bench Dip Video Exercise Guide","bodyweight","Triceps","triceps","True"
"Stretch Push Up (On Risers) Video Exercise Guide","bodyweight","Chest","chest","True"
"Arm Circles Video Exercise Guide","bodyweight","Shoulders","shoulders","True"
"Rollover Into V-Sits Video Exercise Guide","bodyweight","Lower Back","lower-back","True"
"Incline Push Ups Video Exercise Guide","bodyweight","Chest","chest","True"
"Knee Push-Up Video Exercise Guide","bodyweight","Chest","chest","True"
"Side Plank with Hip Dip Video Exercise Guide","bodyweight","Obliques","obliques","True"
"Kneeling Posterior Hip Capsule Mobilization Video Exercise Guide","bodyweight","Hip Flexors","hip-flexors","True"
"Figure 4 Glute Stretch Video Exercise Guide","bodyweight","Glutes","glutes","True"
"Marching Glute Bridge Video Exercise Guide","bodyweight","Glutes","glutes","True"
"Split Squat with Iso-Hold Video Exercise Guide","bodyweight","Quads","quads","True"
"Alternating Lateral Lunge with Overhead Reach Video Exercise Guide","bodyweight","Adductors","adductors","True"
"Razor Curl Video Exercise Guide","bodyweight","Hamstrings","hamstrings","True"
"Split Squat Jump Video Exercise Guide","bodyweight","Quads","quads","True"
"Partner Assisted Nordic Hamstring Curls Video Exercise Guide","bodyweight","Hamstrings","hamstrings","True"
"Cycled Split Squat Jump Video Exercise Guide","bodyweight","Quads","quads","True"
"Dynamic Pigeon Video Exercise Guide","bodyweight","Glutes","glutes","True"
"Self-Assisted Straight Bar Dip Video Exercise Guide","bodyweight","Chest","chest","True"
"Wide Grip Chin Up Video Exercise Guide","bodyweight","Lats","lats","True"
"Single Leg Hop Video Exercise Guide","bodyweight","Quads","quads","True"
"Cradle Walk Video Exercise Guide","bodyweight","Hip Flexors","hip-flexors","True"
"L-Sit Pull Up Video Exercise Guide","bodyweight","Lats","lats","True"
"Inchworm Video Exercise Guide","bodyweight","Hamstrings","hamstrings","True"
"Archer Pull Up Video Exercise Guide","bodyweight","Lats","lats","True"
"Cradle Walk to Forward Lunge Video Exercise Guide","bodyweight","Hip Flexors","hip-flexors","True"
"Bodyweight Floor Calf Raise Video Exercise Guide","bodyweight","Calves","calves","True"
"Lateral Kneeling Adductor Mobilization Video Exercise Guide","bodyweight","Adductors","adductors","True"
"Inverted Shrug Video Exercise Guide","bodyweight","Traps","traps","True"
"Wide Grip Push Ups Video Exercise Guide","bodyweight","Chest","chest","True"
"Split Squat Video Exercise Guide","bodyweight","Quads","quads","True"
"Push Up with Mountain Climber Video Exercise Guide","bodyweight","Chest","chest","True"
"Reverse Lunge with Twist Video Exercise Guide","bodyweight","Quads","quads","True"
"1 Leg Push Up Video Exercise Guide","bodyweight","Chest","chest","True"
"Sphinx Push Up Video Exercise Guide","bodyweight","Triceps","triceps","True"
"Rocking Frog Stretch Video Exercise Guide","bodyweight","Adductors","adductors","True"
"Eccentric Only Push Up Video Exercise Guide","bodyweight","Chest","chest","True"
"Chin Up With Leg Raise Video Exercise Guide","bodyweight","Lats","lats","True"
"Pull Up with Leg Raise Video Exercise Guide","bodyweight","Lats","lats","True"
"Cross Body Arm Swings Video Exercise Guide","bodyweight","Chest","chest","True"
"Supine Hip Internal Rotation Video Exercise Guide","bodyweight","Glutes","glutes","True"
"Rack Pec Stretch Video Exercise Guide","bodyweight","Chest","chest","True"
"Push-Up (On Bench) Video Exercise Guide","bodyweight","Chest","chest","True"
"Wide Grip Incline Push Up Video Exercise Guide","bodyweight","Chest","chest","True"
"Rock Back Extension Rotation Video Exercise Guide","bodyweight","Upper Back","middle-back","True"
"Bench T-Spine Mobilization Video Exercise Guide","bodyweight","Upper Back","middle-back","True"
"Close Grip Chin Up Video Exercise Guide","bodyweight","Lats","lats","True"
"Rocking Gastrocnemius Emphasis Ankle Mobilization Video Exercise Guide","bodyweight","Calves","calves","True"
"Paused Push Up Video Exercise Guide","bodyweight","Chest","chest","True"
"Squat to Stand w/ T-Spine Rotation Video Exercise Guide","bodyweight","Quads","quads","True"
"Single Leg Wall Squat Video Exercise Guide","bodyweight","Quads","quads","True"
"Bird Dog Push Up Video Exercise Guide","bodyweight","Chest","chest","True"
"Push Up Jacks Video Exercise Guide","bodyweight","Chest","chest","True"
"Knuckle Push Up Video Exercise Guide","bodyweight","Chest","chest","True"
"Plyometric Clapping Push Up Video Exercise Guide","bodyweight","Chest","chest","True"
"Bodyweight Pistol Squat Video Exercise Guide","bodyweight","Quads","quads","True"
"L-Sit Chin Up Video Exercise Guide","bodyweight","Lats","lats","True"
"Eccentric Only Incline Push Up Video Exercise Guide","bodyweight","Chest","chest","True"
"One Arm Chin Up Video Exercise Guide","bodyweight","Lats","lats","True"
"Mixed Grip Chin Up Video Exercise Guide","bodyweight","Lats","lats","True"
"Decline Bench Bodyweight Lunge Video Exercise Guide","bodyweight","Quads","quads","True"
"Push Up Plus Video Exercise Guide","bodyweight","Chest","chest","True"
"Eccentric Only Chin Up Video Exercise Guide","bodyweight","Lats","lats","True"
"Rope Pull Up Video Exercise Guide","bodyweight","Lats","lats","True"
"One-Leg Floor Calf Raise Video Exercise Guide","bodyweight","Calves","calves","True"
"Push Up with Knee Drive Video Exercise Guide","bodyweight","Chest","chest","True"
"Bodyweight Bulgarian Split Squat Video Exercise Guide","bodyweight","Quads","quads","True"
"Straight Bar Dip Video Exercise Guide","bodyweight","Chest","chest","True"
"Lateral Lunge to Drop Lunge Video Exercise Guide","bodyweight","Quads","quads","True"
"Spiderman Push Up Video Exercise Guide","bodyweight","Chest","chest","True"
"Lateral Hand Walk Push Up Video Exercise Guide","bodyweight","Chest","chest","True"
"Quadruped Push Up Plus Video Exercise Guide","bodyweight","Shoulders","shoulders","True"
"Gironda Sternum Chin Up Video Exercise Guide","bodyweight","Lats","lats","True"
"Push Up to Side Plank Video Exercise Guide","bodyweight","Chest","chest","True"
"One-Leg Donkey Calf Raise Video Exercise Guide","bodyweight","Calves","calves","True"
"Walking Quad Stretch to Overhead Lunge Video Exercise Guide","bodyweight","Quads","quads","True"
"Alternating Reach Push Up Video Exercise Guide","bodyweight","Chest","chest","True"
"Around the Bar Chin Ups Video Exercise Guide","bodyweight","Lats","lats","True"
"Reverse Lunge Elbow to Instep with Rotation Video Exercise Guide","bodyweight","Quads","quads","True"
"Half Kneeling Quad Stretch Video Exercise Guide","bodyweight","Quads","quads","True"
"Reverse Lunge with Lateral Flexion Video Exercise Guide","bodyweight","Quads","quads","True"
"Half Kneeling PVC Pec Mobilization Video Exercise Guide","bodyweight","Chest","chest","True"
"Double Pause Chin Up Video Exercise Guide","bodyweight","Lats","lats","True"
"Pec Minor Dip Video Exercise Guide","bodyweight","Chest","chest","True"
"Bodyweight Wall Squat Video Exercise Guide","bodyweight","Quads","quads","True"
"Knee Break Ankle Mobilization Video Exercise Guide","bodyweight","Calves","calves","True"
"Knee to Chest Single Leg Glute Bridge Video Exercise Guide","bodyweight","Glutes","glutes","True"
"Lying Single Arm Trap Raise Video Exercise Guide","bodyweight","Shoulders","shoulders","True"
"Back to Wall Alternating Shoulder Flexion Video Exercise Guide","bodyweight","Shoulders","shoulders","True"
"Wall Push Up Video Exercise Guide","bodyweight","Chest","chest","True"
"Three Bench Dip Video Exercise Guide","bodyweight","Triceps","triceps","True"
"Single Pause Chin Up Video Exercise Guide","bodyweight","Lats","lats","True"
"Double Pause Pull Up Video Exercise Guide","bodyweight","Lats","lats","True"
"Back to Wall Shoulder Flexion Video Exercise Guide","bodyweight","Shoulders","shoulders","True"
"T-Push Up Video Exercise Guide","bodyweight","Chest","chest","True"
"Triple Pause Chin Up Video Exercise Guide","bodyweight","Lats","lats","True"
"Single Pause Pull Up Video Exercise Guide","bodyweight","Lats","lats","True"
"Forearm Wall Slide Video Exercise Guide","bodyweight","Shoulders","shoulders","True"
"Muscle Up Video Exercise Guide","bodyweight","Chest","chest","True"
"Straight Bar Tricep Extension Video Exercise Guide","cable","Triceps","triceps","True"
"Lat Pull Down Video Exercise Guide","cable","Lats","lats","True"
"Rope Tricep Extension Video Exercise Guide","cable","Triceps","triceps","True"
"Seated Cable Row Video Exercise Guide","cable","Upper Back","middle-back","True"
"Close Grip Lat Pull Down Video Exercise Guide","cable","Lats","lats","True"
"Standing Cable Fly Video Exercise Guide","cable","Chest","chest","True"
"Straight Arm Lat Pull Down Video Exercise Guide","cable","Lats","lats","True"
"Cable Lateral Raise Video Exercise Guide","cable","Shoulders","shoulders","True"
"Cable Face Pull Video Exercise Guide","cable","Shoulders","shoulders","True"
"Cable Iron Cross Video Exercise Guide","cable","Chest","chest","True"
"Cable Crossovers (Upper Chest) Video Exercise Guide","cable","Chest","chest","True"
"Standing Cable Reverse Fly Video Exercise Guide","cable","Shoulders","shoulders","True"
"Reverse Grip Cable Tricep Extension Video Exercise Guide","cable","Triceps","triceps","True"
"Single Arm Cable Lateral Raise (Crossbody) Video Exercise Guide","cable","Shoulders","shoulders","True"
"High Pulley Overhead Tricep Extension (Rope Extension) Video Exercise Guide","cable","Triceps","triceps","True"
"Standing Low to High Cable Fly Video Exercise Guide","cable","Chest","chest","True"
"Seated Row (Rope Extension) Video Exercise Guide","cable","Upper Back","middle-back","True"
"Cable Tricep Extension With V-Bar Video Exercise Guide","cable","Triceps","triceps","True"
"Standing Low Pulley Overhead Tricep Extension (Rope Extension) Video Exercise Guide","cable","Triceps","triceps","True"
"Cable Upright Row Video Exercise Guide","cable","Shoulders","shoulders","True"
"Bent Over Low Pulley Rear Delt Fly Video Exercise Guide","cable","Shoulders","shoulders","True"
"Wood Chop Video Exercise Guide","cable","Obliques","obliques","True"
"Cable Chest Press Video Exercise Guide","cable","Chest","chest","True"
"Cable Face Pull with External Rotation Video Exercise Guide","cable","Shoulders","shoulders","True"
"Standing High to Low Cable Fly Video Exercise Guide","cable","Chest","chest","True"
"Shotgun Row Video Exercise Guide","cable","Lats","lats","True"
"One-Arm Cable Tricep Extension Video Exercise Guide","cable","Triceps","triceps","True"
"Reverse One-Arm Cable Tricep Extension Video Exercise Guide","cable","Triceps","triceps","True"
"Rope Straight Arm Pull Down Video Exercise Guide","cable","Lats","lats","True"
"Reverse Grip Cable Curl Video Exercise Guide","cable","Forearms","forearms","True"
"Underhand Close Grip Lateral Pulldown Video Exercise Guide","cable","Lats","lats","True"
"V-Bar Pull Down Video Exercise Guide","cable","Lats","lats","True"
"Flat Bench Cable Flys Video Exercise Guide","cable","Chest","chest","True"
"Cable Hip Abduction Video Exercise Guide","cable","Abductors","abductors","True"
"Cable Front Raise (Bilateral) Video Exercise Guide","cable","Shoulders","shoulders","True"
"Standing Cable Hamstring Curl Video Exercise Guide","cable","Hamstrings","hamstrings","True"
"One-Arm Seated Cable Row Video Exercise Guide","cable","Upper Back","middle-back","True"
"Cable Hip Adduction Video Exercise Guide","cable","Adductors","adductors","True"
"Cable Tricep Kickback Video Exercise Guide","cable","Triceps","triceps","True"
"Tall Kneeling Cable Lift Video Exercise Guide","cable","Obliques","obliques","True"
"Incline Cable Flys Video Exercise Guide","cable","Chest","chest","True"
"Incline Cable Chest Press Video Exercise Guide","cable","Chest","chest","True"
"Behind-The-Back Cable Wrist Curl Video Exercise Guide","cable","Forearms","forearms","True"
"One-Arm Cable Overhead Tricep Extension Video Exercise Guide","cable","Triceps","triceps","True"
"High Pulley Overhead Tricep Extension Video Exercise Guide","cable","Triceps","triceps","True"
"Seated High Cable Row Video Exercise Guide","cable","Upper Back","middle-back","True"
"Cable Shrug Video Exercise Guide","cable","Traps","traps","True"
"One-Arm Seated Overhead Tricep Extension Video Exercise Guide","cable","Triceps","triceps","True"
"Incline Bench Cable Row (Rope Extension) Video Exercise Guide","cable","Upper Back","middle-back","True"
"Tall Kneeling Cable Chop Video Exercise Guide","cable","Obliques","obliques","True"
"One-Arm Bent-Over Cable Reverse Fly Video Exercise Guide","cable","Shoulders","shoulders","True"
"Seated Cable Wrist Curl Video Exercise Guide","cable","Forearms","forearms","True"
"Seated Reverse Grip Cable Wrist Curl Video Exercise Guide","cable","Forearms","forearms","True"
"Lying Cable Shrug Video Exercise Guide","cable","Traps","traps","True"
"One-Leg Lying Cable Hamstring Curl Video Exercise Guide","cable","Hamstrings","hamstrings","True"
"Cable Concentration Tricep Extension Video Exercise Guide","cable","Triceps","triceps","True"
"One-Arm Cable Front Raise Video Exercise Guide","cable","Shoulders","shoulders","True"
"Cable Palm Rotational Row Video Exercise Guide","cable","Upper Back","middle-back","True"
"Lying Cable Leg Curl Video Exercise Guide","cable","Hamstrings","hamstrings","True"
"Incline Bench Cable Row Video Exercise Guide","cable","Upper Back","middle-back","True"
"Standing Low Pulley Overhead Tricep Extension Video Exercise Guide","cable","Triceps","triceps","True"
"Decline Cable Chest Press Video Exercise Guide","cable","Chest","chest","True"
"Decline Cable Flys Video Exercise Guide","cable","Chest","chest","True"
"Cable Internal Rotation Video Exercise Guide","cable","Shoulders","shoulders","True"
"Standing Reverse Grip Cable Curl Video Exercise Guide","cable","Forearms","forearms","True"
"Lying Cable Pullover Video Exercise Guide","cable","Chest","chest","True"
"Thibaudeau Kayak Row Video Exercise Guide","cable","Lats","lats","True"
"Split Stance Cable Lift Video Exercise Guide","cable","Obliques","obliques","True"
"Seated Cable Shrug Video Exercise Guide","cable","Traps","traps","True"
"Cable Inner Chest Press Video Exercise Guide","cable","Chest","chest","True"
"Rope Crossover Seated Row Video Exercise Guide","cable","Upper Back","middle-back","True"
"Lying Cable Tricep Extension Video Exercise Guide","cable","Triceps","triceps","True"
"Seated Low Pulley Overhead Tricep Extension (Rope Extension) Video Exercise Guide","cable","Triceps","triceps","True"
"Low Cable Wood Chop Video Exercise Guide","cable","Obliques","obliques","True"
"Incline Cable Tricep Extension Video Exercise Guide","cable","Triceps","triceps","True"
"Cable Calf Raise Video Exercise Guide","cable","Calves","calves","True"
"Two-Arm Tricep Cable Extension Video Exercise Guide","cable","Triceps","triceps","True"
"Half Kneeling Cable External Rotation Video Exercise Guide","cable","Shoulders","shoulders","True"
"Lying Cable Upright Row Video Exercise Guide","cable","Traps","traps","True"
"Reverse Grip Cable Preacher Curl Video Exercise Guide","cable","Forearms","forearms","True"
"Split Stance Cable Chop Video Exercise Guide","cable","Obliques","obliques","True"
"Two-Arm Cable Tricep Kickback Video Exercise Guide","cable","Triceps","triceps","True"
"Kneeling Overhead Tricep Extension (Over Flat Bench) Video Exercise Guide","cable","Triceps","triceps","True"
"Reverse Grip Incline Bench Cable Row Video Exercise Guide","cable","Upper Back","middle-back","True"
"Cable Row to Neck Video Exercise Guide","cable","Traps","traps","True"
"Lying Cable Tricep Extension (Rope Extension) Video Exercise Guide","cable","Triceps","triceps","True"
"Reverse One-Arm Cable Curl Video Exercise Guide","cable","Forearms","forearms","True"
"Lying Cable Front Raise Video Exercise Guide","cable","Shoulders","shoulders","True"
"One-Leg Cable Calf Raise Video Exercise Guide","cable","Calves","calves","True"
"Incline Cable Tricep Extension (Rope Extension) Video Exercise Guide","cable","Triceps","triceps","True"
"Seated Reverse Grip One-Arm Overhead Tricep Extension Video Exercise Guide","cable","Triceps","triceps","True"
"Lying Cable Pullover (Rope Extension) Video Exercise Guide","cable","Chest","chest","True"
"Reverse Grip One-Arm Overhead Cable Tricep Extension Video Exercise Guide","cable","Triceps","triceps","True"
"Reverse Grip Cable Tricep Kickback Video Exercise Guide","cable","Triceps","triceps","True"
"Seated Calf Raise Video Exercise Guide","calves","Calves","calves","False"
"Seated Dumbbell Calf Raise Video Exercise Guide","calves","Calves","calves","False"
"Standing Machine Calf Raise Video Exercise Guide","calves","Calves","calves","False"
"45 Degree Leg Press Calf Raise Video Exercise Guide","calves","Calves","calves","False"
"Standing One-Leg Calf Raise With Dumbbell Video Exercise Guide","calves","Calves","calves","False"
"One-Leg Seated Dumbbell Calf Raise Video Exercise Guide","calves","Calves","calves","False"
"Donkey Calf Raise Video Exercise Guide","calves","Calves","calves","False"
"Smith Machine Calf Raise Video Exercise Guide","calves","Calves","calves","False"
"Banded Tibialis Raise Video Exercise Guide","calves","Calves","calves","False"
"Hack Squat Calf Raise Video Exercise Guide","calves","Calves","calves","False"
"Double Jump Jump Rope Video Exercise Guide","calves","Calves","calves","False"
"Toes In Seated Calf Raise Video Exercise Guide","calves","Calves","calves","False"
"Toes In Standing Machine Calf Raise Video Exercise Guide","calves","Calves","calves","False"
"Anterior Calf Tiger Tail Video Exercise Guide","calves","Calves","calves","False"
"Reverse Jump Rope Video Exercise Guide","calves","Calves","calves","False"
"Jump Rope Video Exercise Guide","calves","Calves","calves","False"
"One-Leg Smith Machine Toe Raise Video Exercise Guide","calves","Calves","calves","False"
"Front to Back Jump Rope Video Exercise Guide","calves","Calves","calves","False"
"One-Leg Seated Calf Raise Video Exercise Guide","calves","Calves","calves","False"
"Smith Machine Toe Raise Video Exercise Guide","calves","Calves","calves","False"
"Rocking Soleus Emphasis Ankle Mobilization Video Exercise Guide","calves","Calves","calves","False"
"Skipping Jump Rope Video Exercise Guide","calves","Calves","calves","False"
"Toes Out Standing Calf Raise Video Exercise Guide","calves","Calves","calves","False"
"Smith Machine Seated Calf Raise Video Exercise Guide","calves","Calves","calves","False"
"Single Leg Jump Rope Video Exercise Guide","calves","Calves","calves","False"
"One-Leg Smith Machine Calf Raise Video Exercise Guide","calves","Calves","calves","False"
"Exercise Ball On-The-Wall Calf Raise Video Exercise Guide","calves","Calves","calves","False"
"Toes Out Seated Calf Raise Video Exercise Guide","calves","Calves","calves","False"
"Smith Machine Seated Toe Raise Video Exercise Guide","calves","Calves","calves","False"
"Side to Side Jump Rope Video Exercise Guide","calves","Calves","calves","False"
"Anterior Calf Lacrosse Ball Video Exercise Guide","calves","Calves","calves","False"
"One-Leg Smith Machine Seated Calf Raise Video Exercise Guide","calves","Calves","calves","False"
"Posterior Calf Lacrosse Ball Video Exercise Guide","calves","Calves","calves","False"
"Single Leg Circle Jump Rope Video Exercise Guide","calves","Calves","calves","False"
"Anterior Calf Foam Rolling Video Exercise Guide","calves","Calves","calves","False"
"45 Degree Calf Raise (Toes Out) Video Exercise Guide","calves","Calves","calves","False"
"Single Leg Front to Back Jump Rope Video Exercise Guide","calves","Calves","calves","False"
"Peroneal Foam Rolling Video Exercise Guide","calves","Calves","calves","False"
"45 Degree Calf Raise (Toes In) Video Exercise Guide","calves","Calves","calves","False"
"Posterior Calf Foam Rolling Video Exercise Guide","calves","Calves","calves","False"
"Single Leg Side to Side Jump Rope Video Exercise Guide","calves","Calves","calves","False"
"One-Leg Hack Squat Calf Raise Video Exercise Guide","calves","Calves","calves","False"
"Alternating Single Leg Jump Rope Video Exercise Guide","calves","Calves","calves","False"
"Smith Machine Calf Raise (Toes In) Video Exercise Guide","calves","Calves","calves","False"
"(Posterior) Calves Tiger Tail Video Exercise Guide","calves","Calves","calves","False"
"One-Leg 45 Degree Calf Raise Video Exercise Guide","calves","Calves","calves","False"
"Smith Machine Calf Raise (Toes Out) Video Exercise Guide","calves","Calves","calves","False"
"Peroneal Tiger Tail Video Exercise Guide","calves","Calves","calves","False"
"45 Degree Toe Raise Video Exercise Guide","calves","Calves","calves","False"
"Dumbbell Bench Press Video Exercise Guide","chest","Chest","chest","False"
"Dumbbell Pullover Video Exercise Guide","chest","Chest","chest","False"
"Incline Dumbbell Bench Press Video Exercise Guide","chest","Chest","chest","False"
"Dumbbell Flys Video Exercise Guide","chest","Chest","chest","False"
"Pec Deck Video Exercise Guide","chest","Chest","chest","False"
"Incline Dumbbell Flys Video Exercise Guide","chest","Chest","chest","False"
"Hammer Strength Bench Press Video Exercise Guide","chest","Chest","chest","False"
"Close Grip Dumbbell Press (AKA Crush Press) Video Exercise Guide","chest","Chest","chest","False"
"Reverse Grip Dumbbell Bench Press Video Exercise Guide","chest","Chest","chest","False"
"Hammer Strength Machine Incline Bench Press Video Exercise Guide","chest","Chest","chest","False"
"Decline Dumbbell Bench Press Video Exercise Guide","chest","Chest","chest","False"
"Smith Machine Incline Bench Press Video Exercise Guide","chest","Chest","chest","False"
"Weighted Chest Dip Video Exercise Guide","chest","Chest","chest","False"
"Exercise Ball Dumbbell Bench Press Video Exercise Guide","chest","Chest","chest","False"
"Neutral Grip Incline Dumbbell Bench Press Video Exercise Guide","chest","Chest","chest","False"
"Decline Push Up (Feet on Bench) Video Exercise Guide","chest","Chest","chest","False"
"Smith Machine Bench Press Video Exercise Guide","chest","Chest","chest","False"
"Decline Dumbbell Flys Video Exercise Guide","chest","Chest","chest","False"
"Dumbbell Twist Fly Video Exercise Guide","chest","Chest","chest","False"
"One Arm Kettlebell Bench Press Video Exercise Guide","chest","Chest","chest","False"
"Neutral Grip Dumbbell Bench Press Video Exercise Guide","chest","Chest","chest","False"
"Dumbbell Twist Press Video Exercise Guide","chest","Chest","chest","False"
"One Arm Dumbbell Fly Video Exercise Guide","chest","Chest","chest","False"
"Reverse Grip Dumbbell Squeeze Press Video Exercise Guide","chest","Chest","chest","False"
"Kettlebell Push Up Video Exercise Guide","chest","Chest","chest","False"
"Alternate Dumbbell Bench Press (high start) Video Exercise Guide","chest","Chest","chest","False"
"Incline Dumbbell Twist Fly Video Exercise Guide","chest","Chest","chest","False"
"Dumbbell Bench Press Rotational Grip Video Exercise Guide","chest","Chest","chest","False"
"Push Up (Feet on Swiss Ball) Video Exercise Guide","chest","Chest","chest","False"
"One-Arm Dumbbell Bench Press Video Exercise Guide","chest","Chest","chest","False"
"Bosu Ball Push Up Video Exercise Guide","chest","Chest","chest","False"
"Decline Smith Machine Bench Press Video Exercise Guide","chest","Chest","chest","False"
"Standing Medicine Ball Chest Throw Video Exercise Guide","chest","Chest","chest","False"
"Tall Kneeling Medicine Ball Chest Pass Video Exercise Guide","chest","Chest","chest","False"
"Single Leg Medicine Ball Chest Pass Wall Tap Video Exercise Guide","chest","Chest","chest","False"
"Smith Machine Wide Grip Bench Press Video Exercise Guide","chest","Chest","chest","False"
"Chain Fly Video Exercise Guide","chest","Chest","chest","False"
"Wide Grip Decline Bench Press Video Exercise Guide","chest","Chest","chest","False"
"Decline Dumbbell Twist Fly Video Exercise Guide","chest","Chest","chest","False"
"Exercise Ball Push Up Video Exercise Guide","chest","Chest","chest","False"
"Resistance Banded Dumbbell Bench Press Video Exercise Guide","chest","Chest","chest","False"
"Alternating Dumbbell Bench Press (Low Start) Video Exercise Guide","chest","Chest","chest","False"
"Exercise Ball Dumbbell Fly Video Exercise Guide","chest","Chest","chest","False"
"Valslide Push Up Video Exercise Guide","chest","Chest","chest","False"
"Alternating Incline Dumbbell Fly Video Exercise Guide","chest","Chest","chest","False"
"Alternating Medicine Ball Push Up Video Exercise Guide","chest","Chest","chest","False"
"Reverse Grip Incline Push Up Video Exercise Guide","chest","Chest","chest","False"
"Sled Press Video Exercise Guide","chest","Chest","chest","False"
"Alternating Decline Dumbbell Fly Video Exercise Guide","chest","Chest","chest","False"
"Exercise Ball Cable Fly Video Exercise Guide","chest","Chest","chest","False"
"Bench Press Against Chains Video Exercise Guide","chest","Chest","chest","False"
"One Arm Bottoms Up Kettlebell Bench Press Video Exercise Guide","chest","Chest","chest","False"
"Pec Foam Rolling Video Exercise Guide","chest","Chest","chest","False"
"Standing PVC Pec Mobilization Video Exercise Guide","chest","Chest","chest","False"
"Lying Medicine Ball Power Drop Video Exercise Guide","chest","Chest","chest","False"
"Neutral Grip Decline Dumbbell Bench Press Video Exercise Guide","chest","Chest","chest","False"
"Yoga Push Up Video Exercise Guide","chest","Chest","chest","False"
"Alternating Dumbbell Fly Video Exercise Guide","chest","Chest","chest","False"
"Half Kneeling Medicine Ball Chest Pass Video Exercise Guide","chest","Chest","chest","False"
"Pec Lacrosse Ball Video Exercise Guide","chest","Chest","chest","False"
"Ring Fly Video Exercise Guide","chest","Chest","chest","False"
"Alternating Dumbbell Bench Press on Exercise Ball Video Exercise Guide","chest","Chest","chest","False"
"Ring Push Up Video Exercise Guide","chest","Chest","chest","False"
"Bent Over Dumbbell Row Video Exercise Guide","compound","Upper Back","middle-back","True"
"One Arm Dumbbell Row Video Exercise Guide","compound","Upper Back","middle-back","True"
"Dumbbell Stiff Leg Deadlift Video Exercise Guide","compound","Hamstrings","hamstrings","True"
"Seated Dumbbell Press Video Exercise Guide","compound","Shoulders","shoulders","True"
"Dumbbell Squat Video Exercise Guide","compound","Quads","quads","True"
"Standing Dumbbell Shoulder Press Video Exercise Guide","compound","Shoulders","shoulders","True"
"Seated Arnold Press Video Exercise Guide","compound","Shoulders","shoulders","True"
"Dumbbell Goblet Squat Video Exercise Guide","compound","Quads","quads","True"
"Dumbbell Floor Press Video Exercise Guide","compound","Triceps","triceps","True"
"Dumbbell Deadlift Video Exercise Guide","compound","Lower Back","lower-back","True"
"Dumbbell Lunge Video Exercise Guide","compound","Quads","quads","True"
"Leg Press Video Exercise Guide","compound","Quads","quads","True"
"Machine Row Video Exercise Guide","compound","Upper Back","middle-back","True"
"Smith Machine Shoulder Press Video Exercise Guide","compound","Shoulders","shoulders","True"
"Dumbbell Step Up Video Exercise Guide","compound","Quads","quads","True"
"One Leg Dumbbell Squat (AKA Dumbbell Bulgarian Split Squat) Video Exercise Guide","compound","Quads","quads","True"
"1 Kettlebell Suitcase Deadlift Video Exercise Guide","compound","Hamstrings","hamstrings","True"
"Machine Shoulder Press Video Exercise Guide","compound","Shoulders","shoulders","True"
"Dumbbell Lateral Raise Video Exercise Guide","dumbbell","Shoulders","shoulders","True"
"Seated Dumbbell Tricep Extension Video Exercise Guide","dumbbell","Triceps","triceps","True"
"Lying Dumbbell Extension Video Exercise Guide","dumbbell","Triceps","triceps","True"
"Bent Over Dumbbell Reverse Fly Video Exercise Guide","dumbbell","Shoulders","shoulders","True"
"Dumbbell Shrug Video Exercise Guide","dumbbell","Traps","traps","True"
"Bent Over Dumbbell Tricep Kickback Video Exercise Guide","dumbbell","Triceps","triceps","True"
"Seated Dumbbell Lateral Raise Video Exercise Guide","dumbbell","Shoulders","shoulders","True"
"Dumbbell Hamstring Curl Video Exercise Guide","dumbbell","Hamstrings","hamstrings","True"
"Two Arm Standing Dumbbell Extension Video Exercise Guide","dumbbell","Triceps","triceps","True"
"Dumbbell Rear Lunge Video Exercise Guide","dumbbell","Quads","quads","True"
"Seated Bent Over Dumbbell Reverse Fly Video Exercise Guide","dumbbell","Shoulders","shoulders","True"
"Neutral Grip Chest Supported Dumbbell Row Video Exercise Guide","dumbbell","Upper Back","middle-back","True"
"Tripod Dumbbell Row Video Exercise Guide","dumbbell","Upper Back","middle-back","True"
"Dumbbell Side Bends Video Exercise Guide","dumbbell","Obliques","obliques","True"
"One-Arm Standing Dumbbell Extension Video Exercise Guide","dumbbell","Triceps","triceps","True"
"Standing Dumbbell Front Raise Video Exercise Guide","dumbbell","Shoulders","shoulders","True"
"Frog Squat Video Exercise Guide","dumbbell","Quads","quads","True"
"Reverse Grip Bent-Over Dumbbell Row Video Exercise Guide","dumbbell","Upper Back","middle-back","True"
"Dumbbell Walking Lunge Video Exercise Guide","dumbbell","Quads","quads","True"
"Dumbbell Tricep Kickback Video Exercise Guide","dumbbell","Triceps","triceps","True"
"Plie Squat Video Exercise Guide","dumbbell","Quads","quads","True"
"Incline Bench Two Arm Dumbbell Row Video Exercise Guide","dumbbell","Upper Back","middle-back","True"
"Dumbbell Split Squat Video Exercise Guide","dumbbell","Quads","quads","True"
"One-Arm Seated Dumbbell Extension Video Exercise Guide","dumbbell","Triceps","triceps","True"
"One-Arm Dumbbell Lateral Raise Video Exercise Guide","dumbbell","Shoulders","shoulders","True"
"One-Arm Dumbbell Upright Row Video Exercise Guide","dumbbell","Traps","traps","True"
"Dumbbell Upright Row Video Exercise Guide","dumbbell","Shoulders","shoulders","True"
"Dumbbell Farmers Carry Video Exercise Guide","dumbbell","Forearms","forearms","True"
"Incline Rear Delt Fly Video Exercise Guide","dumbbell","Shoulders","shoulders","True"
"Seated Dumbbell Shrug Video Exercise Guide","dumbbell","Traps","traps","True"
"Standing Arnold Press Video Exercise Guide","dumbbell","Shoulders","shoulders","True"
"Seated Neutral Grip Dumbbell Shoulder Press Video Exercise Guide","dumbbell","Shoulders","shoulders","True"
"One-Arm Seated Dumbbell Wrist Curl Video Exercise Guide","dumbbell","Forearms","forearms","True"
"Renegade Row Video Exercise Guide","dumbbell","Upper Back","middle-back","True"
"Bent Over Rear Delt Fly (Head on Bench) Video Exercise Guide","dumbbell","Shoulders","shoulders","True"
"Reverse Grip Dumbbell Wrist Curl (Over Bench) Video Exercise Guide","dumbbell","Forearms","forearms","True"
"Lateral Raise Partials Video Exercise Guide","dumbbell","Shoulders","shoulders","True"
"Seated Cuban Press Video Exercise Guide","dumbbell","Shoulders","shoulders","True"
"Single Leg One Dumbbell Deadlift Video Exercise Guide","dumbbell","Hamstrings","hamstrings","True"
"Dumbbell Lateral Lunge Video Exercise Guide","dumbbell","Quads","quads","True"
"Single Leg Hip Thrust with Dumbbell Video Exercise Guide","dumbbell","Glutes","glutes","True"
"Fat Gripz Dumbbell Farmers Carry Video Exercise Guide","dumbbell","Forearms","forearms","True"
"Chest Supported Dumbbell Row with Isohold Video Exercise Guide","dumbbell","Upper Back","middle-back","True"
"Incline Dumbbell Tricep Extension Video Exercise Guide","dumbbell","Triceps","triceps","True"
"Seated Dumbbell Front Raise Video Exercise Guide","dumbbell","Shoulders","shoulders","True"
"Seated Bent Over Tricep Dumbbell Kickback Video Exercise Guide","dumbbell","Triceps","triceps","True"
"Dumbbell Wrist Curl (Over Bench) Video Exercise Guide","dumbbell","Forearms","forearms","True"
"Dumbbell Squat Jump Video Exercise Guide","dumbbell","Quads","quads","True"
"Tate Press Video Exercise Guide","dumbbell","Traps","traps","True"
"Dumbbell Suitcase Carry Video Exercise Guide","dumbbell","Forearms","forearms","True"
"Front Foot Elevated Dumbbell Split Squat Video Exercise Guide","dumbbell","Quads","quads","True"
"Lying Dumbbell Front Raise On Incline Bench Video Exercise Guide","dumbbell","Shoulders","shoulders","True"
"Dumbbell Goblet Box Squat Video Exercise Guide","dumbbell","Quads","quads","True"
"Rolling Dumbbell Extension Video Exercise Guide","dumbbell","Triceps","triceps","True"
"Side Lying Rear Delt Fly Video Exercise Guide","dumbbell","Shoulders","shoulders","True"
"Lying Pronated Dumbbell Tricep Extension Video Exercise Guide","dumbbell","Triceps","triceps","True"
"Seated Neutral Grip Dumbbell Wrist Curl Video Exercise Guide","dumbbell","Forearms","forearms","True"
"Dumbbell 6 Ways (Raise) Video Exercise Guide","dumbbell","Shoulders","shoulders","True"
"Dublin Press Video Exercise Guide","dumbbell","Shoulders","shoulders","True"
"Dumbbell Goblet Split Squat Video Exercise Guide","dumbbell","Quads","quads","True"
"Alternating Dumbbell Lateral Raise Video Exercise Guide","dumbbell","Shoulders","shoulders","True"
"One-Arm Dumbbell Front Raise Video Exercise Guide","dumbbell","Shoulders","shoulders","True"
"Bench Supported Dumbbell External Rotation Video Exercise Guide","dumbbell","Shoulders","shoulders","True"
"One Arm Bent Over Dumbbell Tricep Kickback Video Exercise Guide","dumbbell","Triceps","triceps","True"
"Lying Dumbbell Extension (Single Dumbbell) Video Exercise Guide","dumbbell","Triceps","triceps","True"
"Alternating Standing Arnold Press Video Exercise Guide","dumbbell","Shoulders","shoulders","True"
"One-Arm Seated Dumbbell Shoulder Press Video Exercise Guide","dumbbell","Shoulders","shoulders","True"
"One-Arm Seated Neutral Grip Dumbbell Wrist Curl Video Exercise Guide","dumbbell","Forearms","forearms","True"
"Dumbbell Box Squat Video Exercise Guide","dumbbell","Quads","quads","True"
"Alternate Seated Dumbbell Press Video Exercise Guide","dumbbell","Shoulders","shoulders","True"
"Dumbbell Overhead Carry Video Exercise Guide","dumbbell","Forearms","forearms","True"
"Lying Shoulder Press Video Exercise Guide","dumbbell","Shoulders","shoulders","True"
"Half Kneeling Dumbbell Press Video Exercise Guide","dumbbell","Shoulders","shoulders","True"
"One-Arm Seated Reverse Grip Dumbbell Wrist Curl Video Exercise Guide","dumbbell","Forearms","forearms","True"
"Knee to Elbow Dumbbell External Rotation Video Exercise Guide","dumbbell","Shoulders","shoulders","True"
"Palm Rotational Row Video Exercise Guide","dumbbell","Upper Back","middle-back","True"
"One-Arm Lying Pronated Dumbbell Extension Video Exercise Guide","dumbbell","Triceps","triceps","True"
"Standing Neutral Grip Alternating Dumbbell Shoulder Press Video Exercise Guide","dumbbell","Shoulders","shoulders","True"
"Gittleson Shrug Video Exercise Guide","dumbbell","Traps","traps","True"
"Twisting Dumbbell Bench Press Video Exercise Guide","dumbbell","Triceps","triceps","True"
"Standing Neutral Grip Dumbbell Shoulder Press Video Exercise Guide","dumbbell","Shoulders","shoulders","True"
"Lying Rear Delt Fly Video Exercise Guide","dumbbell","Shoulders","shoulders","True"
"Serrano Press Video Exercise Guide","dumbbell","Shoulders","shoulders","True"
"Decline Lying Dumbbell Extension Video Exercise Guide","dumbbell","Triceps","triceps","True"
"Seated Alternating Dumbbell Lateral Raise Video Exercise Guide","dumbbell","Shoulders","shoulders","True"
"Alternating Dumbbell Floor Press Video Exercise Guide","dumbbell","Triceps","triceps","True"
"Alternating Dumbbell Reverse Grip Curl Video Exercise Guide","dumbbell","Forearms","forearms","True"
"Reverse Grip Concentration Curl Video Exercise Guide","dumbbell","Forearms","forearms","True"
"Dumbbell Wall Squat Video Exercise Guide","dumbbell","Quads","quads","True"
"Dumbbell Split Squat With Jump Video Exercise Guide","dumbbell","Quads","quads","True"
"Alternating Incline Rear Delt Fly Video Exercise Guide","dumbbell","Shoulders","shoulders","True"
"Seated Alternating Arnold Press Video Exercise Guide","dumbbell","Shoulders","shoulders","True"
"One Arm Dumbbell Rear Delt Fly On Incline Bench Video Exercise Guide","dumbbell","Shoulders","shoulders","True"
"One Arm Reverse Dumbbell Wrist Curl Over Bench Video Exercise Guide","dumbbell","Forearms","forearms","True"
"Alternating Seated Bent Over Rear Delt Fly Video Exercise Guide","dumbbell","Shoulders","shoulders","True"
"One-Arm Neutral Grip Dumbbell Shoulder Press Video Exercise Guide","dumbbell","Shoulders","shoulders","True"
"Alternating Bent-Over Dumbbell Kickback Video Exercise Guide","dumbbell","Triceps","triceps","True"
"Ipsilateral Load Split Squat Video Exercise Guide","dumbbell","Quads","quads","True"
"Contralateral Load Split Squat Video Exercise Guide","dumbbell","Quads","quads","True"
"One-Arm Dumbbell Rear Delt Fly Video Exercise Guide","dumbbell","Shoulders","shoulders","True"
"Counterbalanced Skater Squat Video Exercise Guide","dumbbell","Quads","quads","True"
"Alternating Dumbbell Front Raise Video Exercise Guide","dumbbell","Shoulders","shoulders","True"
"Palms In Bent-Over Dumbbell Row Video Exercise Guide","dumbbell","Upper Back","middle-back","True"
"Alternating Rear Delt Fly Video Exercise Guide","dumbbell","Shoulders","shoulders","True"
"Contralateral Load Dumbbell Front Lunge Video Exercise Guide","dumbbell","Quads","quads","True"
"Alternating Lying Dumbbell Extension Video Exercise Guide","dumbbell","Triceps","triceps","True"
"Dumbbell High Low Carry Video Exercise Guide","dumbbell","Forearms","forearms","True"
"Seated Alternating Dumbbell Front Raise Video Exercise Guide","dumbbell","Shoulders","shoulders","True"
"One-Arm Seated Dumbbell Kickback Video Exercise Guide","dumbbell","Triceps","triceps","True"
"Ipsilateral Load Dumbbell Rear Lunge Video Exercise Guide","dumbbell","Quads","quads","True"
"One-Arm Lying Dumbbell Extension Video Exercise Guide","dumbbell","Triceps","triceps","True"
"One-Arm Neutral Grip Dumbbell Wrist Curl (Over Bench) Video Exercise Guide","dumbbell","Forearms","forearms","True"
"One-Arm Incline Dumbbell Front Raise Video Exercise Guide","dumbbell","Shoulders","shoulders","True"
"One-Arm Reverse Grip Dumbbell Preacher Curl Video Exercise Guide","dumbbell","Forearms","forearms","True"
"Ipsilateral Load Dumbbell Front Lunge Video Exercise Guide","dumbbell","Quads","quads","True"
"Neutral Grip Dumbbell Wrist Curl (Over Bench) Video Exercise Guide","dumbbell","Forearms","forearms","True"
"Dumbbell Thruster Video Exercise Guide","dumbbell","Quads","quads","True"
"Reverse Grip Dumbbell Preacher Curl Video Exercise Guide","dumbbell","Forearms","forearms","True"
"Alternating Seated Dumbbell Side Bends Video Exercise Guide","dumbbell","Obliques","obliques","True"
"One-Arm Seated Dumbbell Lateral Raise Video Exercise Guide","dumbbell","Shoulders","shoulders","True"
"One-Arm Lying Rear Delt Fly Video Exercise Guide","dumbbell","Shoulders","shoulders","True"
"Seated Dumbbell Wrist Curl Video Exercise Guide","dumbbell","Forearms","forearms","True"
"One-Arm Standing Dumbbell Shoulder Press Video Exercise Guide","dumbbell","Shoulders","shoulders","True"
"Alternating Lying Rear Delt Fly Video Exercise Guide","dumbbell","Shoulders","shoulders","True"
"Seated Alternating Neutral Grip Dumbbell Shoulder Press Video Exercise Guide","dumbbell","Shoulders","shoulders","True"
"One-Arm Seated Rear Delt Fly Video Exercise Guide","dumbbell","Shoulders","shoulders","True"
"One-Arm Dumbbell Reverse Grip Curl Video Exercise Guide","dumbbell","Forearms","forearms","True"
"One-Arm Standing Arnold Press Video Exercise Guide","dumbbell","Shoulders","shoulders","True"
"One-Arm Seated Bent Over Dumbbell Kickback Video Exercise Guide","dumbbell","Triceps","triceps","True"
"Seated Reverse Grip Dumbbell Wrist Curl Video Exercise Guide","dumbbell","Forearms","forearms","True"
"Alternating Standing Dumbbell Shoulder Press Video Exercise Guide","dumbbell","Shoulders","shoulders","True"
"Seated Alternating Bent Over Dumbbell Kickback Video Exercise Guide","dumbbell","Triceps","triceps","True"
"Dumbbell Stiff Leg Deadlift (On Bench) Video Exercise Guide","dumbbell","Hamstrings","hamstrings","True"
"One-Arm Seated Arnold Press Video Exercise Guide","dumbbell","Shoulders","shoulders","True"
"One-Arm Seated Dumbbell Front Raise Video Exercise Guide","dumbbell","Shoulders","shoulders","True"
"Exercise Ball Two-Arm Dumbbell Extension Video Exercise Guide","dumbbell","Triceps","triceps","True"
"Decline Bench Dumbbell Lunge Video Exercise Guide","dumbbell","Quads","quads","True"
"Reverse Grip Incline Bench Two-Arm Dumbbell Row Video Exercise Guide","dumbbell","Upper Back","middle-back","True"
"Standing Dublin Press Video Exercise Guide","dumbbell","Shoulders","shoulders","True"
"Dumbbell Pistol Squat (On Bench) Video Exercise Guide","dumbbell","Quads","quads","True"
"One-Arm Seated Neutral Grip Dumbbell Shoulder Press Video Exercise Guide","dumbbell","Shoulders","shoulders","True"
"One-Arm Dumbbell Wrist Curl (Over Bench) Video Exercise Guide","dumbbell","Forearms","forearms","True"
"Exercise Ball Leg Curl (SHELC) Video Exercise Guide","exercise-ball","Hamstrings","hamstrings","True"
"Exercise Ball Wall Squat Video Exercise Guide","exercise-ball","Quads","quads","True"
"Exercise Ball One-Arm Dumbbell Extension Video Exercise Guide","exercise-ball","Triceps","triceps","True"
"Exercise Ball Dumbbell Shoulder Press Video Exercise Guide","exercise-ball","Shoulders","shoulders","True"
"Exercise Ball Dumbbell Kickbacks Video Exercise Guide","exercise-ball","Triceps","triceps","True"
"Exercise Ball Lateral Raise Video Exercise Guide","exercise-ball","Shoulders","shoulders","True"
"Exercise Ball Dumbbell Wall Squat Video Exercise Guide","exercise-ball","Quads","quads","True"
"Exercise Ball Barbell Shoulder Press Video Exercise Guide","exercise-ball","Shoulders","shoulders","True"
"2 to 1 Exercise Ball Hamstring Curl (SHELC) Video Exercise Guide","exercise-ball","Hamstrings","hamstrings","True"
"Single Leg Exercise Ball Leg Curl Video Exercise Guide","exercise-ball","Hamstrings","hamstrings","True"
"Exercise Ball Dip Video Exercise Guide","exercise-ball","Triceps","triceps","True"
"Exercise Ball French Press Video Exercise Guide","exercise-ball","Triceps","triceps","True"
"EZ Bar Skullcrusher Video Exercise Guide","ez-bar","Triceps","triceps","True"
"Standing Overhead EZ Bar Tricep Extension Video Exercise Guide","ez-bar","Triceps","triceps","True"
"Reverse Grip Barbell Curl (EZ Bar) Video Exercise Guide","ez-bar","Forearms","forearms","True"
"Close Grip EZ Bar Press Video Exercise Guide","ez-bar","Triceps","triceps","True"
"Seated EZ Bar French Press Video Exercise Guide","ez-bar","Triceps","triceps","True"
"EZ Bar Incline Skullcrusher Video Exercise Guide","ez-bar","Triceps","triceps","True"
"Reverse Grip Bent-Over Row (EZ Bar) Video Exercise Guide","ez-bar","Upper Back","middle-back","True"
"California Skullcrusher Video Exercise Guide","ez-bar","Triceps","triceps","True"
"Anti-Gravity Press Video Exercise Guide","ez-bar","Shoulders","shoulders","True"
"Decline Lying Tricep Extension (Skullcrusher) Video Exercise Guide","ez-bar","Triceps","triceps","True"
"Reverse Grip Preacher Curl (EZ Bar) Video Exercise Guide","ez-bar","Forearms","forearms","True"
"45 Degree Lying Tricep Extension (EZ Bar) Video Exercise Guide","ez-bar","Triceps","triceps","True"
"Wrist Rollers Video Exercise Guide","forearms","Forearms","forearms","False"
"Plate Pinch Carry Video Exercise Guide","forearms","Forearms","forearms","False"
"Weight Plate Pinches Video Exercise Guide","forearms","Forearms","forearms","False"
"Trap Bar Farmers Carry Video Exercise Guide","forearms","Forearms","forearms","False"
"Smith Machine Seated Wrist Curl Video Exercise Guide","forearms","Forearms","forearms","False"
"Kettlebell Single Arm Racked Carry Video Exercise Guide","forearms","Forearms","forearms","False"
"Kettlebell Goblet Carry Video Exercise Guide","forearms","Forearms","forearms","False"
"Kettlebell Single Arm Bottoms Up Carry Video Exercise Guide","forearms","Forearms","forearms","False"
"Forearm Tiger Tail Video Exercise Guide","forearms","Forearms","forearms","False"
"Kettlebell Racked Crossover Walk Video Exercise Guide","forearms","Forearms","forearms","False"
"Standing Smith Machine Wrist Curl (behind back) Video Exercise Guide","forearms","Forearms","forearms","False"
"Trap Bar Overhead Carry Video Exercise Guide","forearms","Forearms","forearms","False"
"Forearm Extensors Lacrosse Ball Video Exercise Guide","forearms","Forearms","forearms","False"
"Forearm Flexors Lacrosse Ball Video Exercise Guide","forearms","Forearms","forearms","False"
"Standing Glute Kickback Machine Video Exercise Guide","glutes","Glutes","glutes","False"
"Wide Stance Smith Machine Squat Video Exercise Guide","glutes","Glutes","glutes","False"
"Banded Good Morning Video Exercise Guide","glutes","Glutes","glutes","False"
"Banded Glute Bridge Video Exercise Guide","glutes","Glutes","glutes","False"
"Hip Thruster with Mini Band Video Exercise Guide","glutes","Glutes","glutes","False"
"Weighted Hyperextension Video Exercise Guide","glutes","Glutes","glutes","False"
"Lateral Band Walk Video Exercise Guide","glutes","Glutes","glutes","False"
"Bodyweight Hip Thrust Video Exercise Guide","glutes","Glutes","glutes","False"
"Side Lying Clam with Band Video Exercise Guide","glutes","Glutes","glutes","False"
"GHD Back Extension Iso Hold Video Exercise Guide","glutes","Glutes","glutes","False"
"Glute Lacrosse Ball Video Exercise Guide","glutes","Glutes","glutes","False"
"Seated External Rotation Video Exercise Guide","glutes","Glutes","glutes","False"
"Hip Flexion Machine Video Exercise Guide","glutes","Glutes","glutes","False"
"X-Band Walk Video Exercise Guide","glutes","Glutes","glutes","False"
"GHD Back Extension Video Exercise Guide","glutes","Glutes","glutes","False"
"Single Leg Hip Thrust Video Exercise Guide","glutes","Glutes","glutes","False"
"Bodyweight Hip Thruster Video Exercise Guide","glutes","Glutes","glutes","False"
"Diagonal Band Walk Video Exercise Guide","glutes","Glutes","glutes","False"
"Sled Pull Through Video Exercise Guide","glutes","Glutes","glutes","False"
"Banded Multi Directional Toe Touch Video Exercise Guide","glutes","Glutes","glutes","False"
"Glute Foam Rolling Video Exercise Guide","glutes","Glutes","glutes","False"
"Standing External Rotation Video Exercise Guide","glutes","Glutes","glutes","False"
"Banded Hip Thruster Video Exercise Guide","glutes","Glutes","glutes","False"
"Leg Curl Video Exercise Guide","hamstrings","Hamstrings","hamstrings","False"
"Trap Bar Deadlift Video Exercise Guide","hamstrings","Hamstrings","hamstrings","False"
"Seated Leg Curl Video Exercise Guide","hamstrings","Hamstrings","hamstrings","False"
"Kettlebell Swing Video Exercise Guide","hamstrings","Hamstrings","hamstrings","False"
"Single Leg Curl Video Exercise Guide","hamstrings","Hamstrings","hamstrings","False"
"Kettlebell Romanian Deadlift Video Exercise Guide","hamstrings","Hamstrings","hamstrings","False"
"Landmine RDL Video Exercise Guide","hamstrings","Hamstrings","hamstrings","False"
"1 Kettlebell Single Leg Deadlift Video Exercise Guide","hamstrings","Hamstrings","hamstrings","False"
"Reverse Hack Squat Video Exercise Guide","hamstrings","Hamstrings","hamstrings","False"
"Trap Bar Rack Pull Video Exercise Guide","hamstrings","Hamstrings","hamstrings","False"
"Band Assisted Nordic Hamstring Curl Video Exercise Guide","hamstrings","Hamstrings","hamstrings","False"
"Nordic Hamstring Curl (Bodyweight) Video Exercise Guide","hamstrings","Hamstrings","hamstrings","False"
"Kettlebell Sumo Deadlift (1 KB) Video Exercise Guide","hamstrings","Hamstrings","hamstrings","False"
"Double Kettlebell Suitcase Deadlift Video Exercise Guide","hamstrings","Hamstrings","hamstrings","False"
"Smith Machine Stiff Leg Deadlift Video Exercise Guide","hamstrings","Hamstrings","hamstrings","False"
"One Arm Kettlebell Swing Video Exercise Guide","hamstrings","Hamstrings","hamstrings","False"
"Double Kettlebell Swing Video Exercise Guide","hamstrings","Hamstrings","hamstrings","False"
"Valslide Leg Curl Video Exercise Guide","hamstrings","Hamstrings","hamstrings","False"
"Trap Bar Deficit Deadlift Video Exercise Guide","hamstrings","Hamstrings","hamstrings","False"
"Single Leg Landmine Romanian Deadlift Video Exercise Guide","hamstrings","Hamstrings","hamstrings","False"
"Single Leg Valslide Leg Curl Video Exercise Guide","hamstrings","Hamstrings","hamstrings","False"
"Banded Glute Ham Raise Video Exercise Guide","hamstrings","Hamstrings","hamstrings","False"
"Hamstring Tiger Tail Video Exercise Guide","hamstrings","Hamstrings","hamstrings","False"
"Paused Trap Bar Deadlift Video Exercise Guide","hamstrings","Hamstrings","hamstrings","False"
"Kickstand Kettle Bell 1 Leg Deadlift Video Exercise Guide","hamstrings","Hamstrings","hamstrings","False"
"Plate Resisted Glute Ham Raise Video Exercise Guide","hamstrings","Hamstrings","hamstrings","False"
"Banded Trap Bar Deadlift Video Exercise Guide","hamstrings","Hamstrings","hamstrings","False"
"Double Kettlebell Single Leg Deadlift Video Exercise Guide","hamstrings","Hamstrings","hamstrings","False"
"Trap Bar Deadlift Against Chains Video Exercise Guide","hamstrings","Hamstrings","hamstrings","False"
"Hamstring Foam Rolling Video Exercise Guide","hamstrings","Hamstrings","hamstrings","False"
"Fat Bar Deadlift Video Exercise Guide","hamstrings","Hamstrings","hamstrings","False"
"Standing Hip Flexion w/ Bands Video Exercise Guide","hip-flexors","Hip Flexors","hip-flexors","False"
"Hip Flexor Foam Rolling Video Exercise Guide","hip-flexors","Hip Flexors","hip-flexors","False"
"Lying Psoas March Video Exercise Guide","hip-flexors","Hip Flexors","hip-flexors","False"
"Hip Flexor Lacrosse Ball Video Exercise Guide","hip-flexors","Hip Flexors","hip-flexors","False"
"Leg Extension Video Exercise Guide","isolation","Quads","quads","True"
"Machine Reverse Fly Video Exercise Guide","isolation","Shoulders","shoulders","True"
"Hip Abduction Machine Video Exercise Guide","isolation","Abductors","abductors","True"
"Lateral Raise Machine Video Exercise Guide","isolation","Shoulders","shoulders","True"
"Hip Adduction Machine Video Exercise Guide","isolation","Adductors","adductors","True"
"Cable External Rotation Video Exercise Guide","isolation","Shoulders","shoulders","True"
"Weight Plate Front Raise Video Exercise Guide","isolation","Shoulders","shoulders","True"
"Thoracic Extension on Foam Roller Video Exercise Guide","isolation","Upper Back","middle-back","True"
"Banded Lateral Raise Video Exercise Guide","isolation","Shoulders","shoulders","True"
"Machine Tricep Extension Video Exercise Guide","isolation","Triceps","triceps","True"
"Kettlebell Lateral Raise Video Exercise Guide","isolation","Shoulders","shoulders","True"
"T-Bar Machine Shrug Video Exercise Guide","isolation","Traps","traps","True"
"Prone Quad Stretch Video Exercise Guide","isolation","Quads","quads","True"
"Banded Tricep Extension Video Exercise Guide","isolation","Triceps","triceps","True"
"Landmine Lateral Raise Video Exercise Guide","isolation","Shoulders","shoulders","True"
"Single Leg Extension Video Exercise Guide","isolation","Quads","quads","True"
"Standing Banded Face Pull Video Exercise Guide","isolation","Shoulders","shoulders","True"
"Machine Shrug Video Exercise Guide","isolation","Traps","traps","True"
"Dumbbell Tate Press Video Exercise Guide","isolation","Triceps","triceps","True"
"Thoracic Spine Foam Rolling Video Exercise Guide","isolation","Upper Back","middle-back","True"
"Smith Machine Shrug Video Exercise Guide","isolation","Traps","traps","True"
"Trap Bar Shrug Video Exercise Guide","isolation","Traps","traps","True"
"Single Arm Banded External Rotation Video Exercise Guide","isolation","Shoulders","shoulders","True"
"Smith Machine Incline Tricep Extension Video Exercise Guide","isolation","Triceps","triceps","True"
"Spider Crawls Video Exercise Guide","isolation","Shoulders","shoulders","True"
"Trap Lacrosse Ball Video Exercise Guide","isolation","Traps","traps","True"
"Banded Internal Rotation Video Exercise Guide","isolation","Shoulders","shoulders","True"
"Overhead Front Raise (with Weight Plate) Video Exercise Guide","isolation","Shoulders","shoulders","True"
"Standing External Rotation (""No Money Drill"") Video Exercise Guide","isolation","Shoulders","shoulders","True"
"Half Kneeling Banded External Rotation Video Exercise Guide","isolation","Shoulders","shoulders","True"
"Leg Extension (Toes In) Video Exercise Guide","isolation","Quads","quads","True"
"Banded Y's Video Exercise Guide","isolation","Shoulders","shoulders","True"
"Adductor Foam Rolling Video Exercise Guide","isolation","Adductors","adductors","True"
"Overhead Banded Tricep Extension Video Exercise Guide","isolation","Triceps","triceps","True"
"Seated Low Pulley Overhead Tricep Extension Video Exercise Guide","isolation","Triceps","triceps","True"
"Banded Skullcrusher Video Exercise Guide","isolation","Triceps","triceps","True"
"Banded Bent Over Reverse Fly Video Exercise Guide","isolation","Shoulders","shoulders","True"
"Standing Calf Machine Shrug Video Exercise Guide","isolation","Traps","traps","True"
"Quad Tiger Tail Video Exercise Guide","isolation","Quads","quads","True"
"Tricep Tiger Tail Video Exercise Guide","isolation","Triceps","triceps","True"
"Standing Banded Face Pull to Chest Video Exercise Guide","isolation","Shoulders","shoulders","True"
"Lat Foam Rolling Video Exercise Guide","isolation","Lats","lats","True"
"3-D Band Pull Apart Video Exercise Guide","isolation","Shoulders","shoulders","True"
"Triceps Lacrosse Ball Video Exercise Guide","isolation","Triceps","triceps","True"
"Reverse Flys on Rings Video Exercise Guide","isolation","Shoulders","shoulders","True"
"Half Kneeling Banded Face Pull Video Exercise Guide","isolation","Shoulders","shoulders","True"
"Quad Foam Rolling Video Exercise Guide","isolation","Quads","quads","True"
"Wide Grip Lat Pull Down Video Exercise Guide","lats","Lats","lats","False"
"Reverse Grip Lat Pull Down (Underhand) Video Exercise Guide","lats","Lats","lats","False"
"Weighted Pull Up Video Exercise Guide","lats","Lats","lats","False"
"Weighted Chin Up Video Exercise Guide","lats","Lats","lats","False"
"Band Assisted Chin Up (From Foot) Video Exercise Guide","lats","Lats","lats","False"
"Resistance Band Assisted Pull Up (From Knee) Video Exercise Guide","lats","Lats","lats","False"
"Behind Neck Lat Pull Down Video Exercise Guide","lats","Lats","lats","False"
"Resistance Band Assisted Pull Up (From Foot) Video Exercise Guide","lats","Lats","lats","False"
"Overhead Medicine Ball Figure 8 Slam Video Exercise Guide","lats","Lats","lats","False"
"Lateral Pulldown (Rope Extension) Video Exercise Guide","lats","Lats","lats","False"
"Standing Overhead Medicine Ball Slam Video Exercise Guide","lats","Lats","lats","False"
"Overhand Close Grip Lateral Pulldown Video Exercise Guide","lats","Lats","lats","False"
"Band Resisted Chin Up Video Exercise Guide","lats","Lats","lats","False"
"Weighted Pull Up Hang Video Exercise Guide","lats","Lats","lats","False"
"Grip Ball Pull Ups Video Exercise Guide","lats","Lats","lats","False"
"Rope Climb Video Exercise Guide","lats","Lats","lats","False"
"Band Assisted Chin Up (From Knee) Video Exercise Guide","lats","Lats","lats","False"
"Arms Only Rope Climb Video Exercise Guide","lats","Lats","lats","False"
"Single Leg Overhead Medicine Ball Tap Video Exercise Guide","lats","Lats","lats","False"
"Weighted Chin Up Hang Video Exercise Guide","lats","Lats","lats","False"
"Skin the Cat Video Exercise Guide","lats","Lats","lats","False"
"Standing Overhead Medicine Ball Throw Video Exercise Guide","lats","Lats","lats","False"
"Smith Machine Deadlift Video Exercise Guide","lower-back","Lower Back","lower-back","False"
"Machine Hack Squat Video Exercise Guide","machine","Quads","quads","True"
"Machine T-Bar Row Video Exercise Guide","machine","Upper Back","middle-back","True"
"Smith Machine Bent-Over Row Video Exercise Guide","machine","Upper Back","middle-back","True"
"Smith Machine Squat Video Exercise Guide","machine","Quads","quads","True"
"Smith Machine Upright Row Video Exercise Guide","machine","Shoulders","shoulders","True"
"Smith Machine Front Squat Video Exercise Guide","machine","Quads","quads","True"
"One Leg 45 Degree Leg Press Video Exercise Guide","machine","Quads","quads","True"
"Smith Machine Lunge Video Exercise Guide","machine","Quads","quads","True"
"Smith Machine Behind the Neck Shoulder Press Video Exercise Guide","machine","Shoulders","shoulders","True"
"Half Kneeling Cable Chop Video Exercise Guide","machine","Obliques","obliques","True"
"Leg Extension (Toes Out) Video Exercise Guide","machine","Quads","quads","True"
"Wide Stance 45 Degree Leg Press Video Exercise Guide","machine","Quads","quads","True"
"Smith Machine Box Squat Video Exercise Guide","machine","Quads","quads","True"
"Smith Machine Leg Press Video Exercise Guide","machine","Quads","quads","True"
"Narrow Stance 45 Degree Leg Press Video Exercise Guide","machine","Quads","quads","True"
"One-Arm Machine Row Video Exercise Guide","machine","Upper Back","middle-back","True"
"Smith Machine Close Grip Bench Press Video Exercise Guide","machine","Triceps","triceps","True"
"Concept 2 Rowing Machine Video Exercise Guide","machine","Upper Back","middle-back","True"
"Front Foot Elevated Smith Machine Split Squat Video Exercise Guide","machine","Quads","quads","True"
"One-Leg Hack Squat Video Exercise Guide","machine","Quads","quads","True"
"Resistance Band Machine Hack Squat Video Exercise Guide","machine","Quads","quads","True"
"Wide Hack Squat Video Exercise Guide","machine","Quads","quads","True"
"Reverse Grip Machine T-Bar Row Video Exercise Guide","machine","Upper Back","middle-back","True"
"Smith Machine Reverse Close Grip Bench Press Video Exercise Guide","machine","Triceps","triceps","True"
"Smith Machine Zercher Squat Video Exercise Guide","machine","Quads","quads","True"
"Dante Row Video Exercise Guide","machine","Upper Back","middle-back","True"
"Pit Shark Belt Squat Video Exercise Guide","machine","Quads","quads","True"
"Narrow Stance Smith Machine Squat Video Exercise Guide","machine","Quads","quads","True"
"Smith Machine Squat (Feet Forward) Video Exercise Guide","machine","Quads","quads","True"
"Half Kneeling Cable Lift Video Exercise Guide","machine","Obliques","obliques","True"
"Reverse Grip Smith Machine Bent-Over Row Video Exercise Guide","machine","Upper Back","middle-back","True"
"Smith Machine One-Arm Row Video Exercise Guide","machine","Upper Back","middle-back","True"
"Smith Machine Bulgarian Split Squat Video Exercise Guide","machine","Quads","quads","True"
"Banded Machine T-Bar Row Video Exercise Guide","machine","Upper Back","middle-back","True"
"Narrow Stance Machine Hack Squat Video Exercise Guide","machine","Quads","quads","True"
"Bent Over Kettlebell Row Video Exercise Guide","middle-back","Upper Back","middle-back","False"
"Meadows Row Video Exercise Guide","middle-back","Upper Back","middle-back","False"
"Trap Bar Row Video Exercise Guide","middle-back","Upper Back","middle-back","False"
"Ring Inverted Row with Chains Video Exercise Guide","middle-back","Upper Back","middle-back","False"
"Batwing Reverse Sled Drag Video Exercise Guide","middle-back","Upper Back","middle-back","False"
"Double Arm Sled Row Video Exercise Guide","middle-back","Upper Back","middle-back","False"
"Yoga Plex Video Exercise Guide","middle-back","Upper Back","middle-back","False"
"High Pull Sled Drag Video Exercise Guide","middle-back","Upper Back","middle-back","False"
"Inverted Rope Row Video Exercise Guide","middle-back","Upper Back","middle-back","False"
"Reverse Lunge Sled Row Video Exercise Guide","middle-back","Upper Back","middle-back","False"
"Weight Vest Weighted Inverted Row Video Exercise Guide","middle-back","Upper Back","middle-back","False"
"Weighted Inverted Row Video Exercise Guide","middle-back","Upper Back","middle-back","False"
"Field Goal Angel Foam Rolling Video Exercise Guide","middle-back","Upper Back","middle-back","False"
"Landmine Rotation Video Exercise Guide","obliques","Obliques","obliques","False"
"Off Bench Oblique Hold Video Exercise Guide","obliques","Obliques","obliques","False"
"Box Squat Video Exercise Guide","quads","Quads","quads","False"
"1 KB Kettlebell Snatch Video Exercise Guide","quads","Quads","quads","False"
"Kettlebell Goblet Squat Video Exercise Guide","quads","Quads","quads","False"
"Kettlebell Reverse Lunge Video Exercise Guide","quads","Quads","quads","False"
"Landmine Goblet Squat Video Exercise Guide","quads","Quads","quads","False"
"Kettlebell Step Up Video Exercise Guide","quads","Quads","quads","False"
"Double Kettlebell Split Squat Video Exercise Guide","quads","Quads","quads","False"
"Single Leg Squat From Bench Video Exercise Guide","quads","Quads","quads","False"
"Landmine Reverse Lunge Video Exercise Guide","quads","Quads","quads","False"
"Kettlebell Walking Lunge Video Exercise Guide","quads","Quads","quads","False"
"1 KB Kettlebell Clean Video Exercise Guide","quads","Quads","quads","False"
"Box Jump Video Exercise Guide","quads","Quads","quads","False"
"Kettlebell Lateral Lunge Video Exercise Guide","quads","Quads","quads","False"
"Double Kettlebell Front Squat Video Exercise Guide","quads","Quads","quads","False"
"1 Dumbbell Step Up Video Exercise Guide","quads","Quads","quads","False"
"Seated Vertical Jump Video Exercise Guide","quads","Quads","quads","False"
"Sled Push Video Exercise Guide","quads","Quads","quads","False"
"1 KB Kettlebell Push Press Video Exercise Guide","quads","Quads","quads","False"
"Reverse Sled Drag Video Exercise Guide","quads","Quads","quads","False"
"1 KB Kettlebell Clean & Press Video Exercise Guide","quads","Quads","quads","False"
"Depth Jump to Broad Jump Video Exercise Guide","quads","Quads","quads","False"
"Counterbalanced Squat Video Exercise Guide","quads","Quads","quads","False"
"2 KB Kettlebell Snatch Video Exercise Guide","quads","Quads","quads","False"
"Split Squat with Banded Adduction Video Exercise Guide","quads","Quads","quads","False"
"Wall Ball Video Exercise Guide","quads","Quads","quads","False"
"Depth Jump to Box Jump Video Exercise Guide","quads","Quads","quads","False"
"Weighted Sissy Squat Video Exercise Guide","quads","Quads","quads","False"
"1 Kettlebell Step Up Video Exercise Guide","quads","Quads","quads","False"
"Depth Jump Video Exercise Guide","quads","Quads","quads","False"
"Seated Box Jump Video Exercise Guide","quads","Quads","quads","False"
"Depth Jump to Hurdle Hop Video Exercise Guide","quads","Quads","quads","False"
"Sled Sprint Video Exercise Guide","quads","Quads","quads","False"
"Overhead Step Up Video Exercise Guide","quads","Quads","quads","False"
"Band Resisted Box Squat Video Exercise Guide","quads","Quads","quads","False"
"Offset Single Kettlebell Front Squat Video Exercise Guide","quads","Quads","quads","False"
"1 KB Kettlebell Split Snatch Video Exercise Guide","quads","Quads","quads","False"
"2 KB Kettlebell Split Snatch Video Exercise Guide","quads","Quads","quads","False"
"Reverse Lunge Sled Walk Video Exercise Guide","quads","Quads","quads","False"
"2 KB Kettlebell Clean Video Exercise Guide","quads","Quads","quads","False"
"Kettlebell Thruster Video Exercise Guide","quads","Quads","quads","False"
"Band Resisted Back Squat Video Exercise Guide","quads","Quads","quads","False"
"Belt Squat Video Exercise Guide","quads","Quads","quads","False"
"2 KB Kettlebell Clean & Press Video Exercise Guide","quads","Quads","quads","False"
"1 KB Kettlebell Jerk Video Exercise Guide","quads","Quads","quads","False"
"1 to 2 Box Jump Video Exercise Guide","quads","Quads","quads","False"
"Bottoms Up 1 Kettlebell Split Squat Video Exercise Guide","quads","Quads","quads","False"
"Tire Flip Video Exercise Guide","quads","Quads","quads","False"
"2 KB Kettlebell Jerk Video Exercise Guide","quads","Quads","quads","False"
"2 to 1 Box Jump Video Exercise Guide","quads","Quads","quads","False"
"Valslide Reverse Lunges Video Exercise Guide","quads","Quads","quads","False"
"Back Squat Against Chains Video Exercise Guide","quads","Quads","quads","False"
"Anti-Rotation Forward Sled Walk Video Exercise Guide","quads","Quads","quads","False"
"Overhead Banded Squat Video Exercise Guide","quads","Quads","quads","False"
"Valslide Lateral Lunge Video Exercise Guide","quads","Quads","quads","False"
"Back Squat to Box Against Chains Video Exercise Guide","quads","Quads","quads","False"
"Backward Sled Push Video Exercise Guide","quads","Quads","quads","False"
"Band Pull Apart Video Exercise Guide","shoulders","Shoulders","shoulders","False"
"Kettlebell Halo Video Exercise Guide","shoulders","Shoulders","shoulders","False"
"Half Kneeling Landmine Press Video Exercise Guide","shoulders","Shoulders","shoulders","False"
"Standing Kettlebell Press Video Exercise Guide","shoulders","Shoulders","shoulders","False"
"Banded Standing Shoulder Press Video Exercise Guide","shoulders","Shoulders","shoulders","False"
"Kettlebell Angled Press Video Exercise Guide","shoulders","Shoulders","shoulders","False"
"Half Kneeling Kettlebell Press Video Exercise Guide","shoulders","Shoulders","shoulders","False"
"One Arm Kettlebell Z Press Video Exercise Guide","shoulders","Shoulders","shoulders","False"
"Rotational Medicine Ball Throw Video Exercise Guide","shoulders","Shoulders","shoulders","False"
"Shoulder Pin Press Video Exercise Guide","shoulders","Shoulders","shoulders","False"
"Single Arm Landmine Press Video Exercise Guide","shoulders","Shoulders","shoulders","False"
"Banded Shoulder Dislocates Video Exercise Guide","shoulders","Shoulders","shoulders","False"
"Landmine Thruster Video Exercise Guide","shoulders","Shoulders","shoulders","False"
"Standing One Arm Kettlebell Press Video Exercise Guide","shoulders","Shoulders","shoulders","False"
"Rotational Medicine Ball Scoop Toss Facing Wall Video Exercise Guide","shoulders","Shoulders","shoulders","False"
"Banded Upright Row Video Exercise Guide","shoulders","Shoulders","shoulders","False"
"Bus Drivers Video Exercise Guide","shoulders","Shoulders","shoulders","False"
"Supinated 90 Degree Band Pull Apart Video Exercise Guide","shoulders","Shoulders","shoulders","False"
"Shoulder To Shoulder Press Video Exercise Guide","shoulders","Shoulders","shoulders","False"
"Step Behind Rotational Medicine Ball Throw Video Exercise Guide","shoulders","Shoulders","shoulders","False"
"2 KB Kettlebell Push Press Video Exercise Guide","shoulders","Shoulders","shoulders","False"
"Seated Kettlebell Press Video Exercise Guide","shoulders","Shoulders","shoulders","False"
"Half Kneeling Bottoms Up Kettlebell Press Video Exercise Guide","shoulders","Shoulders","shoulders","False"
"Reverse Lunge with Alternating Waves Battling Ropes Video Exercise Guide","shoulders","Shoulders","shoulders","False"
"One Arm Seated Kettlebell Press Video Exercise Guide","shoulders","Shoulders","shoulders","False"
"Single Arm Landmine Push Press Video Exercise Guide","shoulders","Shoulders","shoulders","False"
"Trap Bar Shoulder Press Video Exercise Guide","shoulders","Shoulders","shoulders","False"
"Reverse Fly Sled Drag Video Exercise Guide","shoulders","Shoulders","shoulders","False"
"Band Resistance Single Arm Standing Landmine Press Video Exercise Guide","shoulders","Shoulders","shoulders","False"
"Rotational Med Ball Shot Put Video Exercise Guide","shoulders","Shoulders","shoulders","False"
"Double Wave Battling Rope Video Exercise Guide","shoulders","Shoulders","shoulders","False"
"Lateral Slam Battling Rope Video Exercise Guide","shoulders","Shoulders","shoulders","False"
"Face Pulls on Rings Video Exercise Guide","shoulders","Shoulders","shoulders","False"
"Alternating Waves with Kneeling Get Ups Battling Ropes Video Exercise Guide","shoulders","Shoulders","shoulders","False"
"Rotational Medicine Ball Step Behind Shot Put Video Exercise Guide","shoulders","Shoulders","shoulders","False"
"Power Slam Battling Rope Video Exercise Guide","shoulders","Shoulders","shoulders","False"
"Jumping Jacks Battling Ropes Video Exercise Guide","shoulders","Shoulders","shoulders","False"
"Kettlebell Arm Bar Video Exercise Guide","shoulders","Shoulders","shoulders","False"
"Half Kneeling Battling Rope Video Exercise Guide","shoulders","Shoulders","shoulders","False"
"Lunge Jump with Alternating Waves Battling Ropes Video Exercise Guide","shoulders","Shoulders","shoulders","False"
"Pronated 90 Degree Band Pull Apart Video Exercise Guide","shoulders","Shoulders","shoulders","False"
"No Counter Movement Rotational Medicine Ball Throw Video Exercise Guide","shoulders","Shoulders","shoulders","False"
"Modified Handstand Push Up (Off Box) Video Exercise Guide","shoulders","Shoulders","shoulders","False"
"Shuffle Into Rotational Medicine Ball Throw Video Exercise Guide","shoulders","Shoulders","shoulders","False"
"Double Arm Circles Battling Ropes Video Exercise Guide","shoulders","Shoulders","shoulders","False"
"Split Stance Anti-Rotational Medicine Ball Scoop Toss Video Exercise Guide","shoulders","Shoulders","shoulders","False"
"Seated Battling Ropes Video Exercise Guide","shoulders","Shoulders","shoulders","False"
"Standing One Arm Bottoms Up Kettlebell Press Video Exercise Guide","shoulders","Shoulders","shoulders","False"
"Alternating Big Waves Battling Ropes Video Exercise Guide","shoulders","Shoulders","shoulders","False"
"Alternating Small Waves Battling Ropes Video Exercise Guide","shoulders","Shoulders","shoulders","False"
"Alternating Standing Kettlebell Press Video Exercise Guide","shoulders","Shoulders","shoulders","False"
"Tall Kneeling One Arm Kettlebell Press Video Exercise Guide","shoulders","Shoulders","shoulders","False"
"Tall Kneeling Battling Ropes Video Exercise Guide","shoulders","Shoulders","shoulders","False"
"Tall Kneeling One Arm Bottoms Up Kettlebell Press Video Exercise Guide","shoulders","Shoulders","shoulders","False"
"Rotational Medicine Ball Shuffle Into Shot Put Video Exercise Guide","shoulders","Shoulders","shoulders","False"
"1 KB Kettlebell Sumo Deadlift High Pull Video Exercise Guide","traps","Traps","traps","False"
"2 KB Kettlebell Sumo Deadlift High Pull Video Exercise Guide","traps","Traps","traps","False"
"Weighted Tricep Dips Video Exercise Guide","triceps","Triceps","triceps","False"
"One Arm Kettlebell Floor Press Video Exercise Guide","triceps","Triceps","triceps","False"
"Band Assisted Dip Video Exercise Guide","triceps","Triceps","triceps","False"
"Kettlebell Floor Press Video Exercise Guide","triceps","Triceps","triceps","False"
"Ring Dip Video Exercise Guide","triceps","Triceps","triceps","False"
"One Arm Bottoms Up Kettlebell Floor Press Video Exercise Guide","triceps","Triceps","triceps","False"
"Weighted Bench Dip Video Exercise Guide","triceps","Triceps","triceps","False"
"Overhead Tricep Extension Sled Drag Video Exercise Guide","triceps","Triceps","triceps","False"
"Weighted Three Bench Dip Video Exercise Guide","triceps","Triceps","triceps","False"
